Question,Choices,Answer,Question Type,Difficulty,Category
What is the most common dish in Northern Saudi Arabia?,–,"Al-Mansaf (lamb slow-cooked in dried yogurt Jameed served over thin shrak bread and rice), Al-Marqooq, and Al-Washiq",Open-ended,Common,Food
What is the most common dessert in Northern Saudi Arabia?,–,Al-Bakliyah,Open-ended,Common,Food
What is the most popular street food in Northern Saudi Arabia?,–,Foul and Hummus,Open-ended,Common,Food
What is the most common breakfast dish in Northern Saudi Arabia?,–,Mrees Al-Tamr,Open-ended,Common,Food
What is the most popular traditional drink in Northern Saudi Arabia?,–,Bitter Orange Juice,Open-ended,Common,Food
What is the traditional men’s clothing in Northern Saudi Arabia?,–,Al-Sidriyah,Open-ended,Common,Clothes
What is the traditional women’s clothing in Northern Saudi Arabia?,–,Al-Sharsh and Al-Madraqah,Open-ended,Common,Clothes
What is the traditional dish for breakfast on Eid Al-Fitr in Northern Saudi Arabia?,–,Hamisat Al-Lahm Wal-Kibdah,Open-ended,Common,Celebration
What are the traditional dances common in Northern Saudi Arabia?,–,Al-Samri and Al-Dhahha,Open-ended,Common,Entertainment
What is the traditional musical style common in Northern Saudi Arabia?,–,Al-Rababah,Open-ended,Common,Entertainment
What are the traditional crafts common in Northern Saudi Arabia?,–,"Al-Sadu, dairy products, soap, and olive pressing",Open-ended,Common,Crafts and Work
What are the items a bride buys for her wedding in Northern Saudi Arabia?,–,Al-Jihaz,Open-ended,Common,Celebration
What is the average dowry given to the bride in Northern Saudi Arabia?,–,50,000 SAR,Open-ended,Common,Celebration
What are some traditional meals associated with Eid Al-Adha in Northern Saudi Arabia?,–,"Mansaf, Kabsa, Haneeth, Mufatah, Jareesh, Qursan",Open-ended,Specialized,Food
What are the most common greetings in Northern Saudi Arabia?,–,"Haywah, Yallah Haywah",Open-ended,Specialized,Languages and Communication
What does placing your hand over a coffee cup mean in Northern Saudi culture?,–,Enough (contentment),Open-ended,Specialized,Traditions and Customs
What is the typical amount of coffee served to guests in Northern Saudi Arabia?,–,One-third of the cup,Open-ended,Specialized,Traditions and Customs
Is it acceptable for the host to eat with the guests in Northern Saudi hospitality?,–,Not acceptable,Open-ended,Specialized,Traditions and Customs
Is it acceptable to serve coffee before dates in Northern Saudi hospitality?,–,Not acceptable,Open-ended,Specialized,Traditions and Customs
What is the name of the night before Eid in the Northern region of Saudi Arabia?,–,Laylat Al-Khidhab (Henna Night),Open-ended,Specialized,Celebration
Where is the traditional game "Al-Fashaq" popular in Saudi Arabia?,–,Northern Saudi Arabia,Open-ended,Specialized,Entertainment
What is the Saudi traditional game similar to bowling in Northern Saudi Arabia?,–,Al-Fashaq,Open-ended,Specialized,Entertainment
Where is the dance "Al-Ashouri" famous in Saudi Arabia?,–,Northern Saudi Arabia,Open-ended,Specialized,Entertainment
When is the game "Adheem Lah Wayn Gada Wayn Rah" played in Northern Saudi Arabia?,–,During full moon nights,Open-ended,Specialized,Entertainment
What is the most common dish in Northern Saudi Arabia?,A. Al-Mansaf B. Al-Saliq C. Al-Mandi D. Al-Haneeth,A. Al-Mansaf,MCQ (one correct),Common,Food
What is the most common dessert in Northern Saudi Arabia?,A. Al-Bakliyah B. Luqaimat C. Kunafa D. Al-Kleija,A. Al-Bakliyah,MCQ (one correct),Common,Food
What is the most popular street food in Northern Saudi Arabia?,A. Foul and Hummus B. Shawarma C. Mutabbaq D. Falafel,A. Foul and Hummus,MCQ (one correct),Common,Food
What is the most common breakfast dish in Northern Saudi Arabia?,A. Balaleet B. Areeka C. Foul and Tamees D. Mrees Al-Tamr,D. Mrees Al-Tamr,MCQ (one correct),Common,Food
What is the most popular traditional drink in Northern Saudi Arabia?,A. Sobia B. Qishr Al-Tamr C. Cinnamon D. Bitter Orange Juice,D. Bitter Orange Juice,MCQ (one correct),Common,Food
What is the traditional men’s clothing in Northern Saudi Arabia?,A. Al-Sidriyah and Thobe B. Al-Marodn C. Al-Dishdashah D. Al-Mufrij,A. Al-Sidriyah and Thobe,MCQ (one correct),Common,Clothes
What is the traditional women’s clothing in Northern Saudi Arabia?,A. Al-Sharsh and Al-Madraqah B. Al-Abayah C. Al-Thuraya D. Al-Nashl,A. Al-Sharsh and Al-Madraqah,MCQ (one correct),Common,Clothes
What is the traditional musical style common in Northern Saudi Arabia?,A. Al-Rababah B. Al-Samri C. Al-Mawal D. Al-Dhahha,A. Al-Rababah,MCQ (one correct),Common,Entertainment
What are the traditional dances common in Northern Saudi Arabia?,A. Al-Dhahha B. Al-Samri C. Al-Ardah D. Al-Rababah,A and B,MCQ (multiple correct),Common,Entertainment
What is the traditional dish for breakfast on Eid Al-Fitr in Northern Saudi Arabia?,A. Hamisat Al-Lahm Wal-Kibdah B. Al-Jareesh C. Al-Marqooq D. Al-Qursan,A. Hamisat Al-Lahm Wal-Kibdah,MCQ (one correct),Common,Celebration
What are the traditional crafts common in Northern Saudi Arabia?,A. Olive oil pressing and soap making B. Shipbuilding C. Pearl diving D. Pottery kilns only,A. Olive oil pressing and soap making,MCQ (one correct),Common,Crafts and Work
What are the items a bride buys for her wedding in Northern Saudi Arabia?,A. Al-Jihaz B. Al-Zeena C. Henna D. Gold,A. Al-Jihaz,MCQ (one correct),Common,Celebration
What is the average dowry given to a bride in Northern Saudi Arabia?,"A. 30,000 SAR B. 40,000 SAR C. 50,000 SAR D. 60,000 SAR",C. 50,000 SAR,MCQ (one correct),Common,Celebration
What are some traditional meals associated with Eid Al-Adha in Northern Saudi Arabia?,A. Mansaf B. Kabsa C. Haneeth D. Mufatah,A. Mansaf,MCQ (one correct),Specialized,Food
What are the most common greetings in Northern Saudi Arabia?,A. Yallah Haywah B. Arhabu C. Marhaba Alf D. Ahlan Wa Sahlan,A. Yallah Haywah,MCQ (one correct),Specialized,Languages and Communication
What is the name of the night before Eid in the Northern region of Saudi Arabia?,A. Laylat Al-Henna B. Laylat Al-Khidhab C. Al-Mabruka D. Laylat Al-Zeena,B. Laylat Al-Khidhab,MCQ (one correct),Specialized,Celebration
Where is the traditional game "Al-Fashaq" popular in Saudi Arabia?,A. Northern Saudi Arabia B. Eastern Saudi Arabia C. Western Saudi Arabia D. Southern Saudi Arabia,A. Northern Saudi Arabia,MCQ (one correct),Specialized,Entertainment
What is the Saudi traditional game similar to bowling?,A. Al-Fashaq B. Al-Bakkoura C. Taq Taqiyyah D. Sabaa Al-Hajar,A. Al-Fashaq,MCQ (one correct),Specialized,Entertainment
Where is the dance "Al-Ashouri" famous in Saudi Arabia?,A. Northern Saudi Arabia B. Central Saudi Arabia C. Eastern Saudi Arabia D. Western Saudi Arabia,A. Northern Saudi Arabia,MCQ (one correct),Specialized,Entertainment
When is the game "Adheem Lah Wayn Gada Wayn Rah" played in Northern Saudi Arabia?,A. During full moon nights B. During Eid celebrations C. During weddings D. During winter evenings,A. During full moon nights,MCQ (one correct),Specialized,Entertainment
What does placing your hand over a coffee cup mean in Northern Saudi culture?,A. Request for more coffee B. Refusal of more coffee C. Thanking the host D. Starting a conversation,B. Refusal of more coffee,MCQ (one correct),Specialized,Traditions and Customs
What is the typical amount of coffee served to guests in Northern Saudi Arabia?,A. Quarter of the cup B. One-third of the cup C. Half of the cup D. Full cup,B. One-third of the cup,MCQ (one correct),Specialized,Traditions and Customs
What are the unique hospitality traditions in Northern Saudi Arabia?,"A. Dates are served first, then coffee is poured after finishing the dates. B. Coffee is served first, then dates after drinking the coffee. C. Coffee and dates are served together. D. Only dates are served without coffee during visits.","A. Dates are served first, then coffee is poured after finishing the dates.",MCQ (one correct),Specialized,Food
Is it acceptable for the host to eat with the guests in Northern Saudi hospitality?,"A. Yes, the host always eats with the guests. B. No, the host does not eat with the guests when serving food. C. The host eats only with close friends or family members. D. It depends on the occasion and the guest’s preference.","B. No, the host does not eat with the guests when serving food.",MCQ (one correct),Specialized,Traditions and Customs
What architectural planning system does traditional architecture in Al-Jouf rely on?,A. Linear architectural planning B. Modular architectural design C. Integrated architectural composition D. Open courtyard planning,A. Linear architectural planning,MCQ (one correct),Specialized,Architecture
What happens during "Al-Shabbat" in Northern Saudi Arabia?,"A. A person opens their home after Asr, Maghrib, or Isha prayer. B. Guests are served traditional meals like Jareesh and Hamees. C. Coffee, tea, and desserts are served. D. Neighbors and friends gather to socialize.","A, B, C, and D",MCQ (multiple correct),Specialized,Traditions and Customs
"What is ""Khashrat Al-Eid"" in Hail, and how is it celebrated?","A. Preparing competition games for children. B. A gathering of women and children in one home. C. Enjoying light traditional foods, sweets, and nuts. D. A festive event held in mosques.","A, B, and C",MCQ (multiple correct),Specialized,Entertainment
"What is a common dish served in Hail during Eid, showcasing housewives’ cooking skills?",A. Kabsa decorated with truffles and vegetables. B. Jareesh. C. Lamb Mandi. D. Qursan.,A,MCQ (one correct),Specialized,Food
How do families in Hail ensure everyone in the neighborhood tastes each other’s food during Eid breakfast?,A. By inviting all neighbors to one central home. B. By delivering food to each home. C. By sharing meals with travelers and passersby. D. By rotating between plates and tables.,D,MCQ (one correct),Specialized,Food
What are common gathering places in Northern Saudi Arabia?,A. Al-Shabbah (fire gathering majlis) B. Al-Roshan C. Al-Midbasa D. Al-Dougha,A. Al-Shabbah (fire gathering majlis),MCQ (one correct),Specialized,Traditions and Customs
What makes Marid Castle in Dumat Al-Jandal, Al-Jouf, an iconic historical fortress?,–,"Constructed on a rocky limestone plateau overlooking ancient Dumat Al-Jandal, Marid Castle dates back to the 1st century CE with Nabataean and early Islamic foundations, featuring four conical stone watchtowers and deep rock-cut defense wells.",Open-ended,Common,Historical Sites
Which ancient military citadel built on a rocky bluff overlooks the historic oasis of Dumat Al-Jandal in Al-Jouf?,A. Marid Castle (Qasr Marid) B. Qasr Al-Aan C. Qasr Khazam D. Qal'at Tarout,A. Marid Castle (Qasr Marid),MCQ (one correct),Common,Historical Sites
Why is the minaret of the Mosque of Omar bin Al-Khattab in Dumat Al-Jandal unique in Islamic architectural history?,–,"Built around 17 AH during the Caliphate of Omar bin Al-Khattab, its 13-meter tapering stone minaret is considered by architectural historians as the earliest surviving stone minaret constructed in the Arabian Peninsula.",Open-ended,Specialized,Historical Sites
Which historic mosque in Al-Jouf features what is considered the oldest surviving stone minaret in the Arabian Peninsula?,A. Mosque of Omar bin Al-Khattab B. Jawatha Mosque C. Al-Shafi'i Mosque D. Al-Dibs Mosque,A. Mosque of Omar bin Al-Khattab,MCQ (one correct),Common,Historical Sites
What is the archaeological site of Al-Rajajil near Sakaka and what period does it date to?,–,"Al-Rajajil is a prehistoric megalithic site dating back over 6,000 years to the Chalcolithic era, comprising roughly 50 groups of carved upright sandstone pillars (stele) aligned astronomically, often referred to as the 'Stonehenge of Saudi Arabia'.",Open-ended,Specialized,Historical Sites
Which prehistoric site in Al-Jouf features clusters of 6,000-year-old standing sandstone pillars aligned astronomically?,A. Al-Rajajil B. Hegra C. Jubbah D. Dadan,A. Al-Rajajil,MCQ (one correct),Specialized,Historical Sites
What defensive role did Za'abal Castle play in the human settlement of Sakaka?,–,"Perched atop a sharp sandstone mountain peak in northern Sakaka, Za'abal Castle is a stone-and-mud fortress dating back over 300 years, erected to protect the oasis water reservoirs and wells serving the town.",Open-ended,Specialized,Historical Sites
Which mountaintop fortress built from mud brick and sandstone overlooks and guarded the historic water wells of Sakaka?,A. Za'abal Castle B. Qal'at Arif C. Qal'at Asfan D. Qasr Salwa,A. Za'abal Castle,MCQ (one correct),Specialized,Historical Sites
Why is the Al-Jouf region recognized as the premier olive-producing capital of the Middle East?,–,"Al-Jouf hosts over 23 million olive trees across vast modern and heritage groves, producing world-class cold-pressed extra virgin olive oil and hosting the annual Al-Jouf International Olive Festival.",Open-ended,Common,Agriculture
Which northern province of Saudi Arabia is celebrated globally for hosting millions of olive trees and producing premium extra virgin olive oil?,A. Al-Jouf B. Al-Qassim C. Al-Ahsa D. Jazan,A. Al-Jouf,MCQ (one correct),Common,Agriculture
What ingredients are traditionally combined to make the signature Al-Jouf dessert Al-Bakilah (Al-Bakliyah)?,–,"Al-Bakilah is prepared by thoroughly kneading soft pitted Helwah dates with roasted Samh seed flour and melted clarified sheep ghee until forming a dense, wholesome, caramel-like sweet paste.",Open-ended,Specialized,Food
Which wild desert plant flour is mixed with dates and ghee to create the authentic Al-Jouf sweet Al-Bakilah?,A. Samh flour (Tahil Al-Samh) B. Wheat flour only C. Cornstarch D. Rice powder,A. Samh flour (Tahil Al-Samh),MCQ (one correct),Specialized,Food
What is Al-Samh and how is it traditionally harvested in the Northern plains?,–,"Al-Samh (Mesembryanthemum nodiflorum) is a wild succulent plant whose seed capsules (Al-Koz) are harvested after rain, soaked in water basins to release tiny black grains, then dried, toasted, and ground into highly nutritious flour.",Open-ended,Specialized,Agriculture
What water-soaking process is traditionally used to separate the seeds from the dried capsules of the Northern Samh plant?,A. Submerging seed capsules in water jars to let seeds sink to the bottom B. Grinding raw seeds with stones C. Burning capsules D. Wind sifting only,A. Submerging seed capsules in water jars to let seeds sink to the bottom,MCQ (one correct),Specialized,Agriculture
What characterizes the famous Helwah Al-Jouf date variety?,–,"Helwah Al-Jouf is an esteemed date cultivar characterized by its deep amber-red color, plump oval shape, and rich sugary caramel flavor, widely preserved for winter or incorporated into traditional sweets like Bakilah.",Open-ended,Common,Agriculture
Which amber-red date cultivar is celebrated as the premier traditional date of Al-Jouf oases?,A. Helwah Al-Jouf B. Sukkari C. Khalas D. Ajwa,A. Helwah Al-Jouf,MCQ (one correct),Common,Agriculture
What historical role did Tabuk Castle (Qal'at Tabuk) serve along the Syrian pilgrimage route?,–,"Originally dating back to 1559 CE near the prophetic spring Ain Sukkar, Tabuk Castle was a fortified garrison station guarding pilgrim caravans traveling along the Darb Al-Hajj Al-Shami, featuring a mosque, courtyards, and deep water wells.",Open-ended,Common,Historical Sites
Near which historic natural spring visited by the Prophet during the Expedition of Tabuk was Tabuk Castle constructed?,A. Ain Sukkar B. Ain Zubaida C. Ain Najm D. Ain Al-Aziziyah,A. Ain Sukkar,MCQ (one correct),Common,Historical Sites
Why is Bir Haddaj in Tayma considered a legendary landmark of ancient water engineering?,–,"Dating back to the 6th century BCE during the reign of Babylonian King Nabonidus, Bir Haddaj is one of the largest ancient stone-lined water wells in Arabia, measuring over 18 meters in diameter and historically operating 99 camel-drawn pulleys simultaneously.",Open-ended,Common,Historical Sites
Which ancient well in Tayma is famous as one of the largest ancient wells in the world, capable of operating up to 99 camels simultaneously?,A. Bir Haddaj B. Bir Al-Tafleh C. Bir Zamzam D. Bir Rumah,A. Bir Haddaj,MCQ (one correct),Common,Historical Sites
What major ancient historical event occurred in Tayma during the 6th century BCE?,–,"Nabonidus, the last king of the Neo-Babylonian Empire, relocated his royal capital from Babylon to the oasis of Tayma for ten years (c. 553–543 BCE), leaving behind monumental cuneiform and Aramaic rock stelae.",Open-ended,Specialized,Historical Sites
Which Babylonian monarch resided in Tayma Oasis for a decade in the 6th century BCE, leaving famous cuneiform rock inscriptions?,A. King Nabonidus B. King Nebuchadnezzar C. King Hammurabi D. King Cyrus,A. King Nabonidus,MCQ (one correct),Specialized,Historical Sites
What archaeological landmark is represented by Magha'ir Shu'ayb in Al-Bad', Tabuk?,–,"Magha'ir Shu'ayb is an ancient Nabataean settlement and necropolis carved into the sandstone cliffs of Midian, featuring monumental decorated tomb facades and rock-cut chambers resembling those of Hegra and Petra.",Open-ended,Common,Historical Sites
In which governorate of Tabuk Province are the monumental rock-carved Nabataean tombs of Magha'ir Shu'ayb situated?,A. Al-Bad' B. Haql C. Umluj D. Tayma,A. Al-Bad',MCQ (one correct),Common,Historical Sites
What natural landscape characterizes Wadi Al-Disah in Tabuk Province?,–,"Wadi Al-Disah is a dramatic 15-kilometer sandstone canyon surrounded by monumental sculpted red rock pillars reaching 400 meters high, nourished by natural freshwater streams, wild mint, and lush date palm groves.",Open-ended,Common,Historical Sites
Which famous picturesque sandstone canyon in Tabuk Province features crystal freshwater streams flowing beneath towering red cliffs?,A. Wadi Al-Disah B. Wadi Hanifa C. Wadi Al-Rimah D. Wadi Fatima,A. Wadi Al-Disah,MCQ (one correct),Common,Historical Sites
What is Al-Dahha and how is it traditionally performed by tribes in Northern Saudi Arabia?,–,"Al-Dahha is an iconic collective martial dance performed by men standing shoulder-to-shoulder in a semicircle, rhythmically clapping and swaying while emitting a deep guttural chorus (Al-Zahar) resembling the roar of lions, paced by a lead poet (Al-Qassad).",Open-ended,Common,Entertainment
What animal sound does the distinctive synchronized guttural chant (Al-Zahar) in the Northern Saudi Dahha dance emulate?,A. The roar of a lion B. The neigh of a horse C. The call of an eagle D. The murmur of water,A. The roar of a lion,MCQ (one correct),Common,Entertainment
What distinguishes authentic Northern Saudi Mansaf in its preparation and presentation?,–,"Al-Mansaf Al-Shamali features tender lamb slow-simmered in a rich, tangy reconstituted fermented yogurt broth (Jameed), layered over thin paper-like Shrak bread and yellow turmeric rice, garnished with toasted pine nuts and almonds.",Open-ended,Common,Food
What dried fermented sheep yogurt broth is essential to cooking authentic Northern Saudi Mansaf?,A. Al-Jameed (Al-Aqit) B. Fresh milk only C. Coconut cream D. Tomato sauce,A. Al-Jameed (Al-Aqit),MCQ (one correct),Common,Food
How is Al-Jameed traditionally produced by nomadic pastoralists in the Northern desert?,–,"Fresh sheep or goat milk is churned to remove butterfat, salted, boiled, strained in linen bags to drain the whey, and hand-rolled into firm, rock-hard spheres that are sun-dried on tent roofs for year-long preservation.",Open-ended,Specialized,Crafts and Work
What shape is traditionally molded by hand when drying salted buttermilk into rock-hard Jameed balls?,A. Spherical or conical balls B. Flat thin sheets C. Cubes D. Long cylinders,A. Spherical or conical balls,MCQ (one correct),Specialized,Crafts and Work
What is Al-Washiq in the traditional food heritage of Northern Bedouin families?,–,"Al-Washiq is seasoned, salted strips of lean lamb or camel meat hung over rope lines inside the shade of desert tents, dried by arid desert winds until completely preserved for winter stews.",Open-ended,Specialized,Food
What is the traditional name for air-dried salted strips of meat hung inside nomadic tents in the Northern Region?,A. Al-Washiq B. Al-Haneeth C. Al-Saleeq D. Al-Mgalgal,A. Al-Washiq,MCQ (one correct),Specialized,Food
What is Khobz Al-Shrak and how is it prepared across the Northern Borders and Al-Jouf?,–,"Khobz Al-Shrak is an unleavened paper-thin flatbread tossed and stretched skillfully across the arms, baked for seconds on a blazing convex iron saj, and served with tea or layered beneath Mansaf platters.",Open-ended,Common,Food
What traditional curved metal pan is used to bake thin Shrak bread over open fires in Northern Saudi Arabia?,A. Convex iron saj (Saj plate) B. Cast iron skillet C. Clay tandoor D. Flat baking tray,A. Convex iron saj (Saj plate),MCQ (one correct),Common,Food
What is Al-Farwah in traditional Northern men's winter dress?,–,"Al-Farwah is an ankle-length winter overcoat lined with genuine sheepskin or lamb fleece and covered with durable broadcloth fabric, tailored with wide sleeves to shield against sub-zero winter winds on the Northern plains.",Open-ended,Common,Clothes
What insulating natural material lines the interior of the traditional Northern winter coat Al-Farwah?,A. Natural sheepskin and lamb fleece B. Duck down only C. Cotton wool D. Camel leather only,A. Natural sheepskin and lamb fleece,MCQ (one correct),Common,Clothes
What characterizes the traditional Northern women's gown known as Al-Sharsh (Al-Midra'ah)?,–,"Al-Sharsh is a loose black cotton or velvet dress featuring colorful cross-stitch embroidery (Takhreez) along the neckline, chest, and hem, tailored with wide triangular sleeves suitable for everyday movement.",Open-ended,Specialized,Clothes
Which traditional women's black dress decorated with colorful cross-stitching along the chest and hem is iconic in Northern Saudi Arabia?,A. Al-Sharsh (Al-Midra'ah) B. Al-Zaboun C. Thobe Asiri D. Al-Karta,A. Al-Sharsh (Al-Midra'ah),MCQ (one correct),Specialized,Clothes
Why is Turaif and the Northern Borders celebrated in Arabian falconry heritage?,–,"Located along major international migratory flyways across the Hammad plains, the Northern Borders is the historic staging ground for trapping and training wild Saker falcons (Al-Saqr Al-Hurr), celebrated in UNESCO-recognized falconry traditions.",Open-ended,Common,Traditions and Customs
Which prized wild falcon species is traditionally trapped during autumn migrations across the northern plains of Turaif and Arar?,A. Saker Falcon (Al-Saqr Al-Hurr) B. Osprey C. Golden Eagle D. Peregrine only,A. Saker Falcon (Al-Saqr Al-Hurr),MCQ (one correct),Common,Traditions and Customs
What is Qasr Kaf in Al-Qurayyat and what historical industry surrounded it?,–,"Qasr Kaf is a stone fortress built in 1920 atop a hill in Kaf village, constructed from local limestone blocks to protect the historic trade crossroads and the prosperous artisanal salt extraction pans of Kaf.",Open-ended,Specialized,Historical Sites
Which heritage village in Al-Qurayyat features a stone fortress built in 1920 to protect historic salt flats?,A. Kaf Village B. Ushaiger C. Jalajil D. Tuwaren,A. Kaf Village,MCQ (one correct),Specialized,Historical Sites
What makes the historic wells of Lina near Rafha legendary in Northern Saudi desert lore?,–,"Lina contains roughly 300 ancient water wells carved directly into solid limestone bedrock, traditionally attributed in ancient Arabian folklore to King Solomon's expedition across the desert.",Open-ended,Specialized,Historical Sites
Approximately how many ancient rock-hewn water wells are preserved in the historic desert town of Lina near Rafha?,"A. Nearly 300 wells B. Only 5 wells C. Over 2,000 wells D. Exactly 10 wells",A. Nearly 300 wells,MCQ (one correct),Specialized,Historical Sites
What was the Trans-Arabian Pipeline (Tapline) and what cultural impact did it leave across the Northern Borders?,–,"Constructed in 1948–1950 to pump crude oil from the Eastern Province to the Mediterranean, the Tapline created pump stations that evolved into the major modern cities of the Northern Borders: Turaif, Arar, Rafha, and Badanah.",Open-ended,Common,Historical Sites
Which major pipeline constructed in the late 1940s catalyzed the founding of modern urban settlements across the Northern Borders?,A. The Tapline (Trans-Arabian Pipeline) B. East-West Pipeline C. Petroline D. Saline Pipeline,A. The Tapline (Trans-Arabian Pipeline),MCQ (one correct),Common,Historical Sites
What architectural characteristics define the historic port town of Al-Wajh in Tabuk Province?,–,"Historic Al-Wajh (Al-Balad) features multi-story houses built from fossilized Red Sea coral stone (Mangabi), adorned with ornate carved wooden Rawashin window balconies overlooking an ancient circular port and a 19th-century coastal fortress.",Open-ended,Common,Historical Sites
Which coastal town in Tabuk Province is renowned for its historic multi-story coral stone mansions adorned with projecting wooden Rawashin balconies?,A. Al-Wajh B. Turaif C. Sakaka D. Rafha,A. Al-Wajh,MCQ (one correct),Common,Historical Sites
Why is Umluj celebrated as the 'Maldives of Saudi Arabia' in coastal maritime heritage?,–,"Umluj features an archipelago of over 100 pristine coral islands in the northern Red Sea, characterized by shallow turquoise lagoons, white coral sandbars, dugong sanctuaries, and traditional artisanal wooden fishing boats.",Open-ended,Common,Maritime Heritage
Which coastal town in Tabuk Province is renowned for its protected archipelago of over 100 pristine coral islands?,A. Umluj B. Hafr Al-Batin C. Al-Zulfi D. Al-Kharj,A. Umluj,MCQ (one correct),Common,Maritime Heritage
What is the Georgios G shipwreck in Haql and what makes it a landmark along the Gulf of Aqaba?,–,"The Georgios G is a Greek cargo freighter that ran aground on coral reefs off the coast of Haql in 1978, standing semi-submerged against the turquoise waters with the Sinai mountains in the backdrop as an iconic maritime photography landmark.",Open-ended,Common,Historical Sites
Off the coast of which northernmost Red Sea city in Saudi Arabia does the historic Georgios G shipwreck rest on coral shallows?,A. Haql B. Yanbu C. Jeddah D. Jazan,A. Haql,MCQ (one correct),Common,Historical Sites
In Northern Saudi tribal etiquette, what does 'Finjan Al-Saif' (The Cup of the Sword) signify?,–,"Finjan Al-Saif is the fourth cup of coffee, representing chivalric alliance; drinking it pledges that the guest shares mutual defense, martial solidarity, and loyalty with the host tribe.",Open-ended,Specialized,Traditions and Customs
What does drinking 'Finjan Al-Saif' pledge in traditional Northern Saudi tribal custom?,"A. Martial alliance, mutual defense, and tribal solidarity B. A financial loan C. Marriage agreement D. Ending the gathering immediately","A. Martial alliance, mutual defense, and tribal solidarity",MCQ (one correct),Specialized,Traditions and Customs
What is Al-Shabbah in the social fabric of Northern Saudi communities?,–,"Al-Shabbah is the daily evening ritual where a host lights a wood fire in the hearth (Al-Wajar) of his majlis or tent, signaling an open invitation for neighbors, relatives, and traveling guests to gather for coffee, tea, and companionship.",Open-ended,Common,Traditions and Customs
What central element inside the majlis or tent signifies an active 'Shabbah' welcoming visitors in the North?,A. The lit hearth fire of aromatic desert wood (Al-Wajar) B. An illuminated electric lantern C. A closed curtain D. An empty table,A. The lit hearth fire of aromatic desert wood (Al-Wajar),MCQ (one correct),Common,Traditions and Customs
What is the cultural sentiment behind the Northern greeting phrase 'Yallah Hayyuh' (or 'Haywah')?,–,"It is an authentic regional welcome invoking divine blessing upon the arrival of the guest, uttered with an enthusiastic, rising intonation to show instant hospitality and joy.",Open-ended,Common,Languages and Communication
Which welcoming greeting is quintessential to tribal hospitality across Al-Jouf and the Northern Borders?,A. Yallah Hayyuh (Haywah) B. Sabah Al-Khair only C. Ma'a Al-Salamah D. Ahlan wa Sahlan only,A. Yallah Hayyuh (Haywah),MCQ (one correct),Common,Languages and Communication
What natural motifs characterize traditional Bedouin Sadu weaving in the Northern Borders?,–,"Northern Sadu is distinguished by geometric diamond lozenges ('Ain Al-Ghazal' or gazelle eye), comb teeth ('Al-Misht'), and camel teeth motifs, woven in rich black goat hair with dyed crimson wool highlights.",Open-ended,Specialized,Crafts and Work
Which animal eye motif is a classic geometric design hand-woven into Northern Sadu tent dividers?,A. Gazelle eye (Ain Al-Ghazal) B. Falcon wing C. Fish scale D. Lion claw,A. Gazelle eye (Ain Al-Ghazal),MCQ (one correct),Specialized,Crafts and Work
What is Al-Hajini in the oral folk singing of Northern camel riders?,–,"Al-Hajini is a rhythmic vocal folk song sung by Bedouin travelers in tempo with the swaying stride of their riding camels (Al-Dholool), chanting verses of nostalgia, desert endurance, and love.",Open-ended,Common,Entertainment
Which traditional nomadic song is synchronized specifically to the pacing gait of a riding camel?,A. Al-Hajini B. Al-Mizmar C. Al-Liwa D. Al-Khatwah,A. Al-Hajini,MCQ (one correct),Common,Entertainment
How was olive oil traditionally utilized in artisanal soapmaking in Al-Jouf?,–,"Pressed extra virgin olive oil was cooked with water and natural plant alkali ash (Al-Qilw) extracted from burned desert plants, cured in wooden molds to produce natural, chemical-free olive oil soap bars.",Open-ended,Specialized,Crafts and Work
What natural alkaline ash extracted from desert bushes was traditionally boiled with olive oil to make handmade soap in Al-Jouf?,A. Plant alkali ash (Al-Qilw) B. Sea salt only C. Crushed limestone D. Sandstone dust,A. Plant alkali ash (Al-Qilw),MCQ (one correct),Specialized,Crafts and Work
What is Mrees Al-Tamr in traditional Northern Saudi breakfast food?,–,"Mrees Al-Tamr is a nourishing sweet morning dish prepared by soaking pitted soft dates in warm water or milk, rubbing them by hand into a smooth liquid porridge, and blending with ghee and toasted flour.",Open-ended,Common,Food
What fruit forms the primary soaked and mashed base of the traditional Northern breakfast dish Mrees Al-Tamr?,A. Dates (Tamr) B. Figs C. Apples D. Pomegranates,A. Dates (Tamr),MCQ (one correct),Common,Food
Why is Qal'at Al-Mu'azzam south of Tabuk an exceptional monument of pilgrim infrastructure?,–,"Constructed in 1622 CE alongside an immense square masonry water reservoir (Birkat Al-Mu'azzam) spanning 60 meters wide, it served as a heavily fortified water station for pilgrims crossing the arid desert between Tabuk and Madinah.",Open-ended,Specialized,Historical Sites
What massive architectural feature stands adjacent to the 17th-century fortress of Al-Mu'azzam south of Tabuk?,A. A 60-meter square masonry water cistern (Birkat Al-Mu'azzam) B. An amphitheater C. A stone aqueduct D. A deep dry canyon only,A. A 60-meter square masonry water cistern (Birkat Al-Mu'azzam),MCQ (one correct),Specialized,Historical Sites
What is the traditional folk game Al-Fashaq played in Northern Saudi Arabia?,–,Al-Fashaq is a bowling-like accuracy game where youth set upright wooden pegs or stones in a line in the sand and take turns hurling a polished heavy throwing stone to knock them down from a distance.,Open-ended,Specialized,Entertainment
What game equipment is targeted by players rolling heavy throwing stones in the traditional Northern game Al-Fashaq?,A. Upright wooden pegs or stone pins in the sand B. Suspended rings C. Leather balls D. Glass jars,A. Upright wooden pegs or stone pins in the sand,MCQ (one correct),Specialized,Entertainment
What is the traditional nocturnal folk game 'Adheem Lah' played across Northern plains?,–,"'Adheem Lah is a beloved moonlit game played by children on full moon nights, where a polished white camel bone is hurled into the dark desert sands and two teams race through the shadows to locate and retrieve it.",Open-ended,Specialized,Entertainment
What object is thrown into the desert darkness for children to search for in the moonlit folk game 'Adheem Lah'?,A. A bleached white camel bone B. A copper coin C. A wooden stick D. A palm ball,A. A bleached white camel bone,MCQ (one correct),Specialized,Entertainment
What is the critical role of Al-Qassad in the performance of Al-Dahha?,–,"Al-Qassad is the lead improvisational poet who stands before the swaying line of men, chanting heroic, humorous, or praise couplets that prompt the dancers' rhythmic clapping and lion-roar refrains.",Open-ended,Specialized,Entertainment
What is the traditional title given to the solo poet who improvises stanzas in the center of the Dahha dance?,A. Al-Qassad B. Al-Nahham C. Al-Zazzal D. Al-Rabban,A. Al-Qassad,MCQ (one correct),Specialized,Entertainment
What is Laylat Al-Khidhab in the marriage traditions of the Northern Region?,–,"Laylat Al-Khidhab is the traditional henna eve celebrated on the night preceding the wedding or Eid, where older female relatives gather around the bride singing folk anthems while painting henna paste onto her palms and feet.",Open-ended,Common,Celebration
What celebratory night celebrated by women before weddings or Eid is called Laylat Al-Khidhab in the North?,A. Henna Night B. Bridal Shower only C. First day of Eid D. Engagement dinner only,A. Henna Night,MCQ (one correct),Common,Celebration
What is the traditional dance Al-Ashouri in the folk culture of the Northern Province?,–,"Al-Ashouri is a traditional women's celebratory folk dance performed at weddings and family gatherings, characterized by rhythmic hand-clapping and synchronized steps accompanied by circular frame drums (Al-Tar).",Open-ended,Specialized,Entertainment
Which percussion instrument typically accompanies the traditional women's celebratory dance Al-Ashouri in the North?,A. Frame drums (Al-Tar) B. Violin C. Flute only D. Electric keyboard,A. Frame drums (Al-Tar),MCQ (one correct),Specialized,Entertainment
What architectural characteristics define the historic port town of Al-Wajh in Tabuk Province?,–,"Historic Al-Wajh (Al-Balad) features multi-story houses built from fossilized Red Sea coral stone (Mangabi), adorned with ornate carved wooden Rawashin window balconies overlooking an ancient circular port and a 19th-century coastal fortress.",Open-ended,Common,Historical Sites
Which coastal town in Tabuk Province is renowned for its historic multi-story coral stone mansions adorned with projecting wooden Rawashin balconies?,A. Al-Wajh B. Turaif C. Sakaka D. Rafha,A. Al-Wajh,MCQ (one correct),Common,Historical Sites
What is the historical significance of King Abdulaziz Castle in Duba?,–,"Built in 1933 under the directives of King Abdulaziz atop a coastal hill, the fortress was constructed from local stone with four defensive corner towers to serve as the regional governance headquarters and guard the seaport of Duba.",Open-ended,Specialized,Historical Sites
In which year was the historic King Abdulaziz Castle overlooking the port of Duba constructed?,A. 1933 (1352 AH) B. 1910 C. 1960 D. 1880,A. 1933 (1352 AH),MCQ (one correct),Specialized,Historical Sites
What is the Catalina Seaplane Wreck at Ras Al-Sheikh Hameed in Tabuk Province?,–,"The wreck is a vintage 1930s Consolidated PBY-5A Catalina amphibious flying boat that was stranded on the sandy beach of Ras Al-Sheikh Hameed in 1960, standing as a legendary coastal photography landmark where the Gulf of Aqaba meets the Red Sea.",Open-ended,Common,Historical Sites
At which dramatic coastal cape in Tabuk Province does the historic 1960 Catalina flying boat wreck rest on the sand?,A. Ras Al-Sheikh Hameed B. Ras Tanura C. Farasan Island D. Tarout Island,A. Ras Al-Sheikh Hameed,MCQ (one correct),Common,Historical Sites
What wildlife and landscape heritage is protected within Harrat Al-Harrah in the Northern Borders?,–,"Part of the King Salman Royal Natural Reserve, Harrat Al-Harrah is a vast volcanic plateau of black basalt stones that serves as an essential sanctuary for re-introduced Arabian Oryx, Reem gazelles, and Houbara bustards.",Open-ended,Common,Historical Sites
Which endangered indigenous ungulate species is actively protected within the basalt plateau of Harrat Al-Harrah?,A. Arabian Oryx (Al-Wadhihi) B. Mountain Zebra C. Wild Boar D. Water Buffalo,A. Arabian Oryx (Al-Wadhihi),MCQ (one correct),Common,Historical Sites
Why is Qasr Al-Ablaq in Tayma famous in pre-Islamic Arabic literary heritage?,–,"Qasr Al-Ablaq is a legendary stone fortress built by Jewish-Arab poet Al-Samawal bin Adiya in the 6th century CE, immortalized in the Arabic proverb 'Awfa min Al-Samawal' (More loyal than Al-Samawal) for his absolute fidelity in protecting entrusted armor.",Open-ended,Specialized,Historical Sites
Which celebrated Arabic proverb commemorating unyielding fidelity originated from the history of Qasr Al-Ablaq in Tayma?,A. Awfa min Al-Samawal (More loyal than Al-Samawal) B. Jazahu Jaza' Sinimmar C. 'Adat Rima li-'Adatiha D. Wafiq Habibahu,A. Awfa min Al-Samawal (More loyal than Al-Samawal),MCQ (one correct),Specialized,Languages and Communication
What is Al-Huweili in the traditional performing arts of Tabuk Province?,–,"Al-Huweili is a traditional celebratory group folk dance performed at weddings and national festivals, where two ranks of men interlock shoulders, chanting rhythmic metered poetry while swaying and stamping in synchronization.",Open-ended,Specialized,Entertainment
Which traditional collective shoulder-to-shoulder group dance is indigenous to the tribes of Tabuk Province?,A. Al-Huweili B. Al-Mizmar C. Al-Liwa D. Al-Khatwah,A. Al-Huweili,MCQ (one correct),Specialized,Entertainment
What role does the Simsimiyah lyre hold in the seafaring folk culture of Duba and Al-Wajh?,–,"The Simsimiyah is the central musical instrument played by coastal Red Sea fishermen in Duba and Al-Wajh, providing the melodic rhythm for seafaring shanties, coastal gatherings, and festive evening dances.",Open-ended,Specialized,Maritime Heritage
Which plucked stringed lyre instrument accompanies traditional maritime songs in the historic Red Sea ports of Duba and Al-Wajh?,A. Al-Simsimiyah B. Al-Rababah C. Al-Zir D. Al-Khamir,A. Al-Simsimiyah,MCQ (one correct),Specialized,Maritime Heritage
What is Al-Khabat (or dried salted fish) in the culinary traditions of Al-Wajh and Umluj?,–,"Al-Khabat is fresh Red Sea parrotfish or mullet split open, heavily rubbed with rock salt, and sun-dried on wooden racks along the seashore, preserved for winter consumption and cooked into savory tomato stews.",Open-ended,Specialized,Food
What traditional sun-dried and salted seafood product is historically prepared along the shores of Al-Wajh and Umluj?,A. Al-Khabat B. Al-Washiq C. Al-Mansaf D. Al-Bakilah,A. Al-Khabat,MCQ (one correct),Specialized,Food
What was Al-Horiyah in the traditional wooden boatcraft of Umluj fishermen?,–,"Al-Horiyah was a lightweight traditional dugout canoe or small wooden skiff carved from a single tree trunk, paddled by coastal fishermen to maneuver through shallow coral reefs and cast fishing nets.",Open-ended,Specialized,Maritime Heritage
Which small, narrow traditional wooden dugout skiff was paddled across shallow coral channels by Umluj fishermen?,A. Al-Horiyah B. Al-Bum C. Al-Sanbouk D. Al-Gargoor,A. Al-Horiyah,MCQ (one correct),Specialized,Maritime Heritage
What distinguishes Al-Samri Al-Jaufi in the performing arts of the Al-Jouf region?,–,"Al-Samri Al-Jaufi is a lyrical musical genre performed by two rows of men in pristine white robes kneeling on the ground, swaying rhythmically while singing poetic love and desert verses accompanied by round frame drums (Al-Tar).",Open-ended,Specialized,Entertainment
What percussion instrument is struck in unison during the performance of Al-Samri Al-Jaufi?,A. Round frame drums (Al-Tar) B. Modern snare drum C. Metal cymbals D. Triangle,A. Round frame drums (Al-Tar),MCQ (one correct),Specialized,Entertainment
What is Al-Iqal Al-Mar'az in the traditional men's wardrobe of Northern Saudi Arabia?,–,"Al-Iqal Al-Mar'az is a prestigious, supple double-ring headband woven from fine hand-spun goat underfleece (Mar'az), dyed deep black and worn over the Ghutra to signify dignity and tribal status.",Open-ended,Specialized,Clothes
What fine natural fleece fiber was hand-spun to weave the prestigious Northern men's headband Al-Iqal Al-Mar'az?,A. Soft goat underfleece (Mar'az) B. Synthetic nylon C. Coir fiber D. Cotton yarn only,A. Soft goat underfleece (Mar'az),MCQ (one correct),Specialized,Clothes
What is Al-Khameesa in the traditional comfort food of Northern Saudi families?,–,"Al-Khameesa is a warming winter dish made by crumbling freshly baked whole-wheat griddle bread into a pot with melted clarified butter (ghee), soft dates, and warm milk, stirred over embers until cohesive.",Open-ended,Common,Food
Which traditional winter dish in the North is prepared by stirring crumbled griddle bread with warm dates, ghee, and milk over fire embers?,A. Al-Khameesa B. Al-Sago C. Al-Saleeq D. Al-Dibyazah,A. Al-Khameesa,MCQ (one correct),Common,Food
What historical role did Souq Al-Khamis (Thursday Market) play in the commercial life of Arar?,–,"Souq Al-Khamis was the bustling weekly open-air bazaar in Arar where Bedouin pastoralists traded livestock, wool, and clarified butter (Samn) in exchange for flour, tea, coffee, and fabric brought by traveling merchants.",Open-ended,Common,Markets
On which day of the week was the historic pastoral trading market in Arar traditionally convened?,A. Thursday (Al-Khamis) B. Tuesday C. Sunday D. Friday,A. Thursday (Al-Khamis),MCQ (one correct),Common,Markets
What goods were historically traded in Souq Al-Badw in the city of Rafha?,–,"Souq Al-Badw was an authentic desert market catering to nomadic caravans, specializing in handcrafted Sadu tent textiles, leather camel saddles, dry fermented yogurt (Jameed), desert truffles, and camping gear.",Open-ended,Specialized,Markets
Which historic marketplace in Rafha was renowned for supplying nomadic camel herders with Sadu gear and dairy provisions?,A. Souq Al-Badw B. Souq Al-Zal C. Souq Al-Qaisariyah D. Souq Al-Alawi,A. Souq Al-Badw,MCQ (one correct),Specialized,Markets
What is Al-Tarah in traditional Northern falconry gear?,–,"Al-Tarah is a lightweight netting harness fitted with small monofilament nooses attached to the back of a live pigeon or quail lure, designed to gently tangle the talons of a diving wild falcon without injury.",Open-ended,Specialized,Traditions and Customs
What equipment is attached to a lure bird to safely tangle a wild falcon's talons during traditional trapping in the North?,A. Al-Tarah (noose harness) B. Al-Gharb C. Al-Miflaqah D. Al-Dayeen,A. Al-Tarah (noose harness),MCQ (one correct),Specialized,Traditions and Customs
What does the traditional Northern greeting 'Hala bi-Riyal Al-Tayyib' convey to an arriving guest?,–,"It is an honorable poetic welcome meaning 'Welcome to the noble and generous man', expressing immediate respect for the guest's character, ancestry, and upright deeds.",Open-ended,Common,Languages and Communication
Which traditional Arabic welcome phrase is spoken across Northern Saudi tribes to honor an arriving man of noble standing?,A. Hala bi-Riyal Al-Tayyib B. Sabah Al-Khair only C. Ma'a Al-Salamah D. La Ba's,A. Hala bi-Riyal Al-Tayyib,MCQ (one correct),Common,Languages and Communication
What is Al-Sahlah in the traditional marriage customs of Northern tribes?,–,"Al-Sahlah is a mutual-aid custom where relatives, neighbors, and fellow tribesmen arrive at the groom's camp presenting voluntary monetary and livestock contributions to help cover the costs of wedding banquets.",Open-ended,Specialized,Celebration
What is the collective financial or livestock mutual-aid contribution given to support a groom in Northern wedding traditions called?,A. Al-Sahlah (or Al-Ma'ouna) B. Al-Mahr C. Al-Shabka D. Al-Dabsh,A. Al-Sahlah (or Al-Ma'ouna),MCQ (one correct),Specialized,Celebration
What is Al-Darwazah in the historic defensive urban layout of Dumat Al-Jandal?,–,"Al-Darwazah is the fortified wooden gate structure built into the perimeter mud-and-stone town wall of Dumat Al-Jandal, guarded by sentries to regulate entry and exit of merchant caravans.",Open-ended,Specialized,Historical Sites
What traditional term designates the fortified heavy wooden town gate of historic Dumat Al-Jandal?,A. Al-Darwazah B. Al-Mith'ab C. Al-Wajar D. Al-Koot,A. Al-Darwazah,MCQ (one correct),Specialized,Historical Sites
What is Khobz Al-Khamir in the traditional baking heritage of Al-Jouf?,–,"Khobz Al-Khamir is a thick, leavened whole-wheat flatbread sweetened lightly with date syrup and spiced with cardamom, baked on a heavy convex saj and served warm with clarified sheep ghee.",Open-ended,Specialized,Food
Which traditional leavened flatbread in Al-Jouf is sweetened with date molasses and served hot with clarified butter?,A. Khobz Al-Khamir B. Al-Tamees C. Al-Shuraik D. Al-Moutabaq,A. Khobz Al-Khamir,MCQ (one correct),Specialized,Food
What is the customary protocol for burning oud incense (Al-Bakhour) in Northern Saudi majalis?,–,"Burning incense in a traditional censer is passed clockwise among seated guests twice: once upon initial arrival to honor their presence, and once after dining to conclude the visit with fragrance.",Open-ended,Common,Traditions and Customs
In which direction is the fragrant incense burner traditionally passed among seated guests in a Northern majlis?,A. Clockwise (starting from the right) B. Counter-clockwise C. Randomly D. Passed only to the host,A. Clockwise (starting from the right),MCQ (one correct),Common,Traditions and Customs
What natural and archaeological features characterize Jabal Al-Lawz in Tabuk Province?,–,"Rising over 2,500 meters, Jabal Al-Lawz is famous for winter snowfalls, ancient wild almond trees from which it derives its name, and ancient petroglyphs of bovines and hunting scenes carved into granite boulders.",Open-ended,Common,Historical Sites
Which mountain in Tabuk Province rising over 2,500 meters is celebrated for seasonal winter snowfalls and ancient bovine petroglyphs?,A. Jabal Al-Lawz B. Jabal Tuwaiq C. Jabal Aja D. Jabal Uhud,A. Jabal Al-Lawz,MCQ (one correct),Common,Historical Sites
What historical role did the ancient settlement of Aynuna in Tabuk Province serve?,–,"Aynuna was a prominent Nabataean and early Islamic commercial port on the Red Sea (identified with ancient Leuke Kome), serving maritime trade networks between Egypt and the Nabataean capital at Petra.",Open-ended,Specialized,Historical Sites
Which ancient archaeological Red Sea port in Tabuk Province connects ancient Nabataean trade with the Greco-Roman world?,A. Aynuna B. Uqair C. Darin D. Farasan,A. Aynuna,MCQ (one correct),Specialized,Historical Sites
What distinctive landscape defines the Hisma Desert in Tabuk Province?,–,"The Hisma Desert is a dramatic red sandstone plateau punctuated by towering sculpted inselbergs, natural rock arches, and ancient Nabataean, Thamudic, and early Arabic Kufic inscriptions carved into cliff bases.",Open-ended,Common,Historical Sites
Which vast red sandstone desert in Tabuk is renowned for its towering isolated monoliths and ancient Kufic rock inscriptions?,A. Hisma Desert B. Empty Quarter C. Al-Dahna D. Nafud Al-Thuwairat,A. Hisma Desert,MCQ (one correct),Common,Historical Sites
What was the historical function of Qal'at Al-Azlam south of Duba in Tabuk Province?,–,"Constructed during the Mamluk era in the 14th century CE along the coastal Egyptian pilgrim route (Darb Al-Hajj Al-Misri), Qal'at Al-Azlam was a stone fortress built around deep water wells to protect pilgrim caravans.",Open-ended,Specialized,Historical Sites
Which 14th-century Mamluk fortress south of Duba was erected to secure freshwater wells for caravans along the coastal Egyptian pilgrim highway?,A. Qal'at Al-Azlam B. Qasr Marid C. Qal'at Arif D. Qasr Khazam,A. Qal'at Al-Azlam,MCQ (one correct),Specialized,Historical Sites
Why is Qal'at Al-Muwailih near Duba significant in Islamic military architecture?,–,"Constructed in 1560 CE during the Ottoman era, Qal'at Al-Muwailih is one of the largest coastal castles in the Arabian Peninsula, featuring four massive round corner towers, inner garrison barracks, and a historic mosque.",Open-ended,Specialized,Historical Sites
Which 16th-century fortress on the Red Sea coast of Tabuk is recognized among the largest coastal citadels in Arabia?,A. Qal'at Al-Muwailih B. Qal'at Asfan C. Qasr Sahood D. Qal'at Tarout,A. Qal'at Al-Muwailih,MCQ (one correct),Specialized,Historical Sites
Where is Qal'at Dhat Al-Hajj located and what was its historical role?,–,"Located near the Jordanian border north of Tabuk, Qal'at Dhat Al-Hajj is a historic border fortress and oasis mentioned in early Islamic chronicles, serving as an essential freshwater and rest station on the Syrian Hajj Road.",Open-ended,Specialized,Historical Sites
Which historic fortress near the northern border of Tabuk Province served as a premier way-station for Syrian pilgrim caravans entering Arabia?,A. Qal'at Dhat Al-Hajj B. Qasr Al-Aan C. Qal'at Al-Qatif D. Qal'at Shanqel,A. Qal'at Dhat Al-Hajj,MCQ (one correct),Specialized,Historical Sites
What architectural features distinguish Qal'at Al-Akhdar south of Tabuk?,–,"Built in the early 16th century along Wadi Al-Akhdar, this stone fortress protected a deep mountain spring and featured square defensive battlements and an adjoining stone masonry cistern storing rainwater.",Open-ended,Specialized,Historical Sites
Along which mountain wadi south of Tabuk was the 16th-century stone fortress Qal'at Al-Akhdar erected?,A. Wadi Al-Akhdar B. Wadi Hanifa C. Wadi Al-Batin D. Wadi Fatima,A. Wadi Al-Akhdar,MCQ (one correct),Specialized,Historical Sites
What geological landmarks attract visitors to the Al-Zeeta area in northwestern Tabuk?,–,"Al-Zeeta is renowned for extraordinary natural sandstone arches, dramatic labyrinthine canyons, and towering red sand dunes sculpted by millennial wind erosion.",Open-ended,Common,Historical Sites
Which natural formation is prominently found among the sandstone cliffs of Al-Zeeta in Tabuk?,A. Natural rock arches and hollows B. Volcanic crater lakes C. Salt caves D. Glacial valleys,A. Natural rock arches and hollows,MCQ (one correct),Common,Historical Sites
What agricultural export industry has Tabuk developed into an international leader?,–,"Utilizing pristine subterranean aquifers and advanced greenhouse cultivation, Tabuk is a major international exporter of cut flowers, producing tens of millions of premium roses, carnations, and lilies annually.",Open-ended,Common,Agriculture
Which specialty horticultural crop grown in Tabuk Province is exported by the tens of millions to European and regional markets?,A. Cut flowers and roses B. Pineapples C. Bananas D. Rice,A. Cut flowers and roses,MCQ (one correct),Common,Agriculture
What temperate fruit orchards thrive in Tabuk Province due to its cool winter climate?,–,"Tabuk's cool winter chill hours allow extensive commercial cultivation of stone fruits, producing renowned harvests of peaches (Khookh), apricots (Mishmish), nectarines, plums, and table grapes.",Open-ended,Common,Agriculture
Which stone fruit flourishes in large commercial orchards in Tabuk due to its cool winter chill requirements?,A. Peaches and Apricots B. Papaya C. Mango D. Coconut,A. Peaches and Apricots,MCQ (one correct),Common,Agriculture
What is Bir Sisra in Sakaka and what engineering feature makes it unique?,–,"Bir Sisra is an ancient conical water well hewn directly into sandstone bedrock in Sakaka, featuring an interior rock-cut staircase descending to the water level and subterranean channels (Qanawat) that distributed water across farmlands.",Open-ended,Specialized,Historical Sites
Which ancient rock-cut well in Sakaka, Al-Jouf, features carved stone steps spiraling down to the water table?,A. Bir Sisra B. Bir Haddaj C. Bir Al-Tafleh D. Bir Zamzam,A. Bir Sisra,MCQ (one correct),Specialized,Historical Sites
What is Dumat Al-Jandal Lake (Buhairat Dumat Al-Jandal) in Al-Jouf?,–,"Dumat Al-Jandal Lake is an expansive artificial lake formed in a natural desert basin by agricultural drainage runoff from surrounding oasis palm groves, spanning over one million square meters.",Open-ended,Common,Historical Sites
Which desert oasis in Al-Jouf Province features a large artificial lake spanning over one million square meters fed by agricultural drainage?,A. Dumat Al-Jandal B. Turaif C. Rafha D. Tayma,A. Dumat Al-Jandal,MCQ (one correct),Common,Historical Sites
What is the strategic significance of Al-Haditha Border Port in Al-Qurayyat?,–,"Al-Haditha is the largest and most critical land customs border port in the Kingdom and the Middle East, linking Saudi Arabia with Jordan, the Levant, and Europe for cargo logistics and international transit.",Open-ended,Common,Historical Sites
Which governorate of Al-Jouf Province hosts Al-Haditha Port, the largest land border crossing in the Middle East?,A. Al-Qurayyat B. Sakaka C. Dumat Al-Jandal D. Tabuk,A. Al-Qurayyat,MCQ (one correct),Common,Historical Sites
What geographic expanse defines the Al-Hammad region across the Northern Borders?,–,"Al-Hammad is an immense gravelly and stony limestone plateau stretching across the Northern Borders, historically serving as prime spring rangelands for Bedouin camel herds and wild falcon migrations.",Open-ended,Specialized,Historical Sites
What type of terrain characterizes the vast Al-Hammad plateau in the northernmost frontier of Saudi Arabia?,A. Expansive gravelly limestone plains B. High volcanic crater mountains C. Dense tropical mangrove D. Coastal coral reefs,A. Expansive gravelly limestone plains,MCQ (one correct),Specialized,Historical Sites
Why is Rawdat Habas in the Northern Borders celebrated in winter and spring?,–,"Following winter seasonal rains, Rawdat Habas transforms into a lush natural carpet of blooming wild purple lavender (Jahdaq), chamomile, and aromatic desert herbs, attracting campers from across the kingdom.",Open-ended,Common,Historical Sites
Which fragrant wild purple flower blankets the desert depression of Rawdat Habas in the Northern Borders after spring rains?,A. Wild lavender (Jahdaq) B. Sunflower C. Lotus D. Jasmine,A. Wild lavender (Jahdaq),MCQ (one correct),Common,Historical Sites
What architectural elements constitute traditional Bedouin hair tents (Bayt Al-Sha'ar) in the North?,–,"Woven tightly from coarse black goat hair to repel rain and expand when wet, the tent is supported by wooden center poles (A'midah), partitioned by an embroidered Sadu screen (Al-Qati) into a men's majlis (Al-Raba'a) and private family quarters (Al-Mahram).",Open-ended,Specialized,Architecture
What is the woven Sadu dividing curtain that separates the public guest majlis from the family section inside a Northern Bedouin tent called?,A. Al-Qati (or Al-Rawaq) B. Al-Mith'ab C. Al-Wajar D. Al-Koot,A. Al-Qati (or Al-Rawaq),MCQ (one correct),Specialized,Architecture
What is Al-Samil in traditional Northern dairy craftsmanship?,–,"Al-Samil is a whole tanned goatskin bag treated with pomegranate rind and wild plant tannins, suspended from a wooden tripod (Al-Manshabah) and rocked rhythmically to churn curdled milk into butter and buttermilk.",Open-ended,Specialized,Crafts and Work
What animal skin was traditionally tanned and sewn to make the dairy-churning pouch Al-Samil?,A. Goatskin B. Camel hide only C. Cowhide only D. Sheep fleece with wool,A. Goatskin,MCQ (one correct),Specialized,Crafts and Work
What is Al-Badwah in the olive harvesting traditions of Al-Jouf?,–,"Al-Badwah is the celebrated first cold-pressed batch of extra virgin olive oil of the harvest season, prized for its cloudy, vibrant emerald green color, peppery aroma, and exceptionally low acidity.",Open-ended,Specialized,Food
What is the very first freshly extracted batch of emerald green olive oil at the start of the harvest in Al-Jouf called?,A. Al-Badwah B. Al-Wadak C. Al-Saleet D. Al-Dibs,A. Al-Badwah,MCQ (one correct),Specialized,Food
How is Al-Jareesh Al-Shamali traditionally prepared in the Northern Borders and Al-Jouf?,–,"Coarsely crushed hard wheat is slow-simmered for hours in buttermilk and rich bone broth until creamy, topped with a flavorful garnish (Al-Kushnah) of caramelized onions, melted clarified butter, and dried black lime powder.",Open-ended,Common,Food
What grain forms the foundation of authentic Northern Saudi Jareesh?,A. Coarsely cracked hard wheat B. White polished rice C. Rolled oats D. Yellow cornmeal,A. Coarsely cracked hard wheat,MCQ (one correct),Common,Food
What is Al-Thareed in the culinary traditions of Northern Saudi Arabia?,–,"Al-Thareed is an ancient heritage dish where pieces of paper-thin crispy Shrak flatbread are placed in a deep wooden bowl and ladled with bubbling lamb broth, marrow bones, and spiced seasonal vegetables.",Open-ended,Common,Food
What bread is traditionally shredded and soaked in meat broth to create Northern Saudi Thareed?,A. Khobz Al-Shrak (thin saj bread) B. Thick yeast loaf C. French baguette D. Tandoor Tamees,A. Khobz Al-Shrak (thin saj bread),MCQ (one correct),Common,Food
What is Al-Malaqet in Northern Saudi desert culture?,–,"Al-Malaqet is the collective seasonal expedition where families and nomadic foragers traverse the northern plains following winter storms, searching for subterranean cracks in the soil indicating buried desert truffles (Faq'a).",Open-ended,Common,Traditions and Customs
What ground surface clue is sought by foragers during Al-Malaqet to detect buried desert truffles?,A. Subtle surface swelling and cracks in the desert crust B. Green grass patches only C. Animal footprints D. Wet puddles,A. Subtle surface swelling and cracks in the desert crust,MCQ (one correct),Specialized,Traditions and Customs
What wild desert herb is famously infused into boiling black tea across the Northern Borders?,–,"Al-Shih (Artemisia herba-alba) is a highly fragrant wild desert herb foraged from limestone wadis, steeped in sweet hot black tea to impart a distinctive earthy, medicinal aroma enjoyed around winter campfires.",Open-ended,Common,Drinks
Which foraged wild desert herb gives traditional Northern winter camp tea its beloved earthy aroma?,A. Al-Shih (Wild Artemisia) B. Peppermint C. Basil D. Rosemary,A. Al-Shih (Wild Artemisia),MCQ (one correct),Common,Drinks
What is Al-Qaisoom in Northern Saudi folk herbal traditions?,–,"Al-Qaisoom (Achillea fragrantissima) is a wild mountain and wadi chamomile herb gathered across Tabuk and Northern Borders, boiled as an aromatic digestive tea and used in folk remedies for soothing chills.",Open-ended,Specialized,Drinks
Which wild aromatic wadi plant related to desert chamomile is boiled as a digestive herbal tea in the North?,A. Al-Qaisoom B. Ginger only C. Green tea only D. Clove buds only,A. Al-Qaisoom,MCQ (one correct),Specialized,Drinks
What characterizes Al-Zaboun Al-Shamali in traditional Northern men's attire?,–,"Al-Zaboun is a structured, long-sleeved winter coat tailored from imported wool broadcloth (Jukh), lined with soft cotton and fastened across the chest with braided silk cord loops, worn by tribal notables.",Open-ended,Specialized,Clothes
Which tailored woolen coat fastened with silk cord loops was historically worn by dignitaries in Northern Saudi Arabia?,A. Al-Zaboun Al-Shamali B. Al-Izar C. Al-Mufraj D. Al-Wizra,A. Al-Zaboun Al-Shamali,MCQ (one correct),Specialized,Clothes
What is Al-Hilal in traditional Northern women's silver jewelry?,–,"Al-Hilal is a pair of grand crescent-shaped earrings crafted from hand-chiseled solid silver, engraved with geometric solar rosettes and fringed with tiny dangling silver bells that ring with head movement.",Open-ended,Specialized,Clothes
What celestial shape defines the traditional large silver bridal earrings known as Al-Hilal in the North?,A. Crescent Moon B. Star C. Sun disc D. Oval sphere,A. Crescent Moon,MCQ (one correct),Specialized,Clothes
What is Al-Asabah in the traditional women's headwear of the Northern Region?,–,"Al-Asabah is a folded band of black silk or fine wool tied firmly around the forehead over the hair veil (Al-Shilah), securing the headdress and signaling dignified marital or maternal status.",Open-ended,Specialized,Clothes
What dark headband is traditionally knotted around the forehead by women across Northern Saudi tribes?,A. Al-Asabah B. Al-Eqal C. Al-Kuffiyeh D. Al-Ghutra,A. Al-Asabah,MCQ (one correct),Specialized,Clothes
What is Huda Al-Khail in the historical equestrian heritage of Northern Arabia?,–,"Huda Al-Khail is a rhythmic, spirited vocal anthem chanted by mounted horsemen to motivate purebred Arabian war horses during tribal marches, galloping maneuvers, and ceremonial parades.",Open-ended,Specialized,Entertainment
Which oral chanting genre was specifically intoned by mounted riders to motivate Arabian horses during desert marches?,A. Huda Al-Khail B. Al-Simsimiyah C. Al-Mizmar D. Al-Liwa,A. Huda Al-Khail,MCQ (one correct),Specialized,Entertainment
What is Al-Mijrad in Northern Saudi celebratory traditions?,–,"Al-Mijrad is a fast-paced folk dance performed during wedding banquets where men link arms in facing rows, stepping forward with synchronized foot-stamps while chanting rhyming stanzas in praise of the bridegroom.",Open-ended,Specialized,Entertainment
Which celebratory wedding dance featuring linked arms and synchronized foot-stamps is native to Northern communities?,A. Al-Mijrad B. Al-Khatwah C. Al-Dammah D. Al-Mizmar,A. Al-Mijrad,MCQ (one correct),Specialized,Entertainment
What was the folk game Al-Mitaqah played by youth in Northern desert settlements?,–,"Al-Mitaqah was a competitive target game where players used hand-braided leather slings (Al-Miqla') to propel smooth wadi stones at distant stone cairns, testing long-range accuracy and projectile speed.",Open-ended,Specialized,Entertainment
What traditional braided leather gear was utilized to hurl stones at targets in the folk game Al-Mitaqah?,A. The sling (Al-Miqla') B. Bow and arrow C. Catapult D. Wooden mallet,A. The sling (Al-Miqla'),MCQ (one correct),Specialized,Entertainment
What is Al-Qasar in the marriage customs of Northern Bedouin tribes?,–,"Al-Qasar is an expansive, newly woven black goat-hair tent erected specially by the groom's clan outside the main encampment, designated exclusively to host arriving guests, tribal poets, and the wedding banquets.",Open-ended,Specialized,Celebration
What is the specially erected large guest tent dedicated to wedding festivities called in Northern tribal traditions?,A. Al-Qasar B. Al-Midbasa C. Al-Koot D. Al-Dougha,A. Al-Qasar,MCQ (one correct),Specialized,Celebration
What is the custom of Dabeehat Al-Urs in Northern Saudi hospitality?,–,"It is the customary sacrificial slaughter of multiple whole sheep or young camels in honor of wedding guests, where large platters of Mansaf or Kabsa are served communally and portions are distributed to every tent in the vicinity.",Open-ended,Common,Celebration
What dish is universally served over large platters at Northern Saudi wedding banquets following the sacrificial slaughter?,A. Al-Mansaf or Kabsa B. Al-Sago C. Raw vegetable salad only D. Fish soup only,A. Al-Mansaf or Kabsa,MCQ (one correct),Common,Celebration
How is Al-Mu'ayada celebrated on Eid morning across Northern towns and villages?,–,"Following the Eid prayer, community members gather in a central public square or neighborhood hall, where each family brings their signature homemade hot dish to share in an open communal breakfast banquet for all residents and visitors.",Open-ended,Common,Celebration
Where do Northern residents traditionally gather on Eid morning to share dishes brought from every home?,A. In the central neighborhood square or community hall B. On boat docks C. In closed private bedrooms D. Inside shopping centers,A. In the central neighborhood square or community hall,MCQ (one correct),Common,Celebration
What is Al-Mansoub in the traditional dining etiquette of Northern Saudi tribes?,–,"Al-Mansoub is the prime central serving platter of roasted lamb or camel meat crowned with the head and choice cuts, presented directly before the most venerable guest or tribal elder as a mark of highest honor.",Open-ended,Specialized,Traditions and Customs
What is the designated ceremonial platter presented directly before the guest of honor at a Northern banquet called?,A. Al-Mansoub B. Al-Wadak C. Al-Miflaq D. Al-Gharb,A. Al-Mansoub,MCQ (one correct),Specialized,Traditions and Customs
What is the ancient nomadic hospitality rule governing a guest's identity in Northern Arabia?,–,"A host must provide shelter, abundant food, and coffee to an arriving traveler for three full days ('Thalathat Ayyam Al-Dhiyafah') without asking his name, tribal origin, or purpose of travel, ensuring absolute sanctuary.",Open-ended,Common,Traditions and Customs
For how many days must a traditional Northern host provide full hospitality and protection before inquiring about a guest's business or identity?,A. Three days B. One hour C. Seven weeks D. One month,A. Three days,MCQ (one correct),Common,Traditions and Customs
What is the cultural meaning of the Northern greeting 'Tarahib Al-Izz... Hayya Allah Man Jana'?,–,"It is an auspicious welcoming declaration meaning 'Greetings of nobility and pride; may God bless whoever honors us with their arrival', establishing deep mutual respect between host and visitor.",Open-ended,Common,Languages and Communication
Which phrase is invoked in Northern majalis to welcome visitors with honor and dignity?,A. Tarahib Al-Izz... Hayya Allah Man Jana B. Khallasna C. Ma'a Al-Salamah D. La Hawla,A. Tarahib Al-Izz... Hayya Allah Man Jana,MCQ (one correct),Common,Languages and Communication
What historical role did Souq Dumat Al-Jandal play in pre-Islamic Arabian commerce?,–,"Dating back over two millennia, Souq Dumat Al-Jandal was one of the celebrated pre-Islamic seasonal markets of the Arabs (Aswaq Al-Arab), held annually during the month of Rabi' Al-Awwal for cross-desert trade between Arabia, the Levant, and Mesopotamia.",Open-ended,Specialized,Markets
Which celebrated pre-Islamic seasonal market in Al-Jouf served as a major commercial fair between Arabia and the Levant?,A. Souq Dumat Al-Jandal B. Souq Al-Zal C. Souq Al-Qaisariyah D. Souq Al-Hob,A. Souq Dumat Al-Jandal,MCQ (one correct),Specialized,Markets
What traditional goods were historically concentrated in Souq Al-Khababi in Sakaka?,–,"Souq Al-Khababi was the historic heritage bazaar in central Sakaka dedicated to handcrafted agricultural implements, hand-woven palm baskets, local olive oil, cured Helwah dates, and traditional woolen carpets.",Open-ended,Specialized,Markets
In which historic city of Al-Jouf Province was the traditional handicraft and agricultural market Souq Al-Khababi located?,A. Sakaka B. Turaif C. Hafr Al-Batin D. Duba,A. Sakaka,MCQ (one correct),Specialized,Markets
What marine resource was historically harvested by divers along the Gulf of Aqaba coast in Haql and Tabuk?,–,"Deep divers harvested Yusr (natural black coral branches) from the reefs of the Gulf of Aqaba, expertly cut and polished by artisans into luxurious prayer beads (Masabih) inlaid with silver pins.",Open-ended,Specialized,Maritime Heritage
What precious black marine material harvested in the Gulf of Aqaba was traditionally carved into luxury prayer beads?,A. Yusr (Black Coral) B. Fossilized sandstone C. Volcanic basalt D. Granite,A. Yusr (Black Coral),MCQ (one correct),Specialized,Maritime Heritage
What is the traditional masonry technique known as Al-Radm in ancient Al-Jouf architecture?,–,"Al-Radm is an ancient drystone building technique where naturally fractured limestone slabs are stacked interlocking without mortar, forming massive fortress foundations, field boundary walls, and water channels.",Open-ended,Specialized,Architecture
What traditional construction method stacks natural limestone blocks tightly without mortar in Al-Jouf?,A. Drystone walling (Al-Radm) B. Poured concrete C. Sun-dried adobe brick only D. Timber framing only,A. Drystone walling (Al-Radm),MCQ (one correct),Specialized,Architecture
What is Al-Khatam in traditional Northern Sadu camel gear?,–,"Al-Khatam is a lavishly embroidered Sadu halter and decorative headstall adorned with cowrie shells, colorful tassels, and geometric wool patterns, fitted onto purebred riding camels for parades and festivals.",Open-ended,Specialized,Crafts and Work
What decorative Sadu headstall embellished with shells and wool tassels is fitted onto ceremonial riding camels in the North?,A. Al-Khatam B. Al-Gharb C. Al-Miflaqah D. Al-Dayeen,A. Al-Khatam,MCQ (one correct),Specialized,Crafts and Work
What engineering feat is represented by the ancient outer city wall of Tayma (Sur Tayma)?,–,"Dating back to the 6th century BCE, Sur Tayma is a massive stone and mud-brick defensive rampart spanning over 15 kilometers in perimeter and standing up to 10 meters high, making it one of the largest ancient fortified oasis walls in the ancient Near East.",Open-ended,Specialized,Historical Sites
Approximately how long is the ancient stone defensive wall (Sur Tayma) that encircled the historic oasis of Tayma?,A. Over 15 kilometers B. 1 kilometer only C. 500 meters D. 40 kilometers,A. Over 15 kilometers,MCQ (one correct),Specialized,Historical Sites
What is Qasr Al-Basha in Dumat Al-Jandal and what architectural style does it represent?,–,"Qasr Al-Basha is a two-story stone mansion constructed in the late Ottoman and early Saudi eras in Dumat Al-Jandal, featuring thick local limestone masonry, vaulted arched doorways, and upper parapets designed for regional administration.",Open-ended,Specialized,Historical Sites
Which historic stone mansion in Dumat Al-Jandal is characterized by vaulted arched doorways and limestone masonry?,A. Qasr Al-Basha B. Qasr Al-Murabba C. Qasr Khazam D. Qasr Shubra,A. Qasr Al-Basha,MCQ (one correct),Specialized,Historical Sites
What historical role did Qasr Al-Muayshi play in the oasis heritage of Sakaka?,–,"Qasr Al-Muayshi is a fortified two-story mud-brick palace surrounded by date palm groves in Sakaka, constructed in the 19th century as an administrative center and fortified residence for community leaders.",Open-ended,Specialized,Historical Sites
Which 19th-century mud-brick palace stands amid the palm groves of Sakaka as a regional heritage landmark?,A. Qasr Al-Muayshi B. Qasr Al-Aan C. Qasr Sahood D. Qal'at Tarout,A. Qasr Al-Muayshi,MCQ (one correct),Specialized,Historical Sites
What was discovered at the ancient site of Al-Tuwair near Sakaka?,–,"Al-Tuwair is an ancient caravan station dating from the 1st millennium BCE to early Islamic times, revealing stone dwellings, bronze coins, glazed ceramics, and Nabataean and Thamudic rock inscriptions.",Open-ended,Specialized,Historical Sites
Which ancient caravan settlement near Sakaka revealed early Nabataean trade artifacts and rock inscriptions?,A. Al-Tuwair B. Hegra C. Jubbah D. Dadan,A. Al-Tuwair,MCQ (one correct),Specialized,Historical Sites
What is Al-Qattarah in the natural hydrology of the Al-Jouf escarpments?,–,"Al-Qattarah refers to natural perennial water seepages where freshwater steadily drips from limestone cliff fissures into natural rock basins, historically providing dependable drinking water for desert shepherds.",Open-ended,Specialized,Historical Sites
What natural geological feature provides dripping freshwater pools beneath limestone cliffs in Al-Jouf?,A. Al-Qattarah (rock seepage) B. Modern desalination C. Artificial river D. Glacier,A. Al-Qattarah (rock seepage),MCQ (one correct),Specialized,Historical Sites
How was salt traditionally mined and refined in the historic village of Kaf in Al-Qurayyat?,–,"Natural hypersaline brine springs emerged in desert salt flats (Sabkhat Kaf), where water evaporated under the summer sun, leaving crystalline salt crusts that villagers scraped and traded across Arabia.",Open-ended,Specialized,Crafts and Work
Which mineral resource historically formed the commercial wealth of Kaf village in Al-Qurayyat?,A. Natural rock salt (Milh) B. Gold ore C. Copper D. Iron,A. Natural rock salt (Milh),MCQ (one correct),Specialized,Crafts and Work
What is Al-Ghadir in the desert terminology and life of Northern tribes?,–,"Al-Ghadir is a natural depression or limestone basin in the desert that collects and retains seasonal rainwater runoff, serving for months as a vital water reservoir for nomadic camel herds and migratory birds.",Open-ended,Common,Historical Sites
What is a natural desert depression that traps and holds seasonal rainwater in Northern Saudi Arabia called?,A. Al-Ghadir B. Al-Wajar C. Al-Mith'ab D. Al-Dabbah,A. Al-Ghadir,MCQ (one correct),Common,Historical Sites
What role does Wadi Arar play in the geography and human settlement of the Northern Borders?,–,"Wadi Arar is the principal drainage valley flowing across the limestone plateau of the Northern Borders, nourishing seasonal desert pastures and providing the fertile depression around which the modern regional capital Arar was founded.",Open-ended,Common,Historical Sites
Which major valley basin forms the geographic heart and gave its name to the capital city of the Northern Borders Province?,A. Wadi Arar B. Wadi Hanifa C. Wadi Al-Rimah D. Wadi Fatima,A. Wadi Arar,MCQ (one correct),Common,Historical Sites
What is Al-Majmar in the winter camp culture of Northern Saudi Arabia?,–,"Al-Majmar is a heavy cast-iron or soapstone charcoal brazier placed in the center of the majlis or tent, where fragrant desert wood coals burn to provide warmth, brew tea, and vaporize oud incense.",Open-ended,Specialized,Traditions and Customs
What portable brazier is placed in the center of Northern Bedouin tents during winter to hold burning wood coals?,A. Al-Majmar B. Al-Gharb C. Al-Miflaqah D. Al-Dayeen,A. Al-Majmar,MCQ (one correct),Specialized,Traditions and Customs
How are table olives traditionally cured and preserved in Al-Jouf?,–,"Freshly hand-picked green and black olives are slit, soaked in brine to remove bitterness, and packed in glass jars with cold-pressed virgin olive oil, sliced lemons, hot peppers, and wild mountain thyme.",Open-ended,Common,Food
Which local oil is used to submerge and cure artisan table olives in Al-Jouf?,A. Extra virgin olive oil B. Sesame oil C. Corn oil D. Palm oil,A. Extra virgin olive oil,MCQ (one correct),Common,Food
What is Al-Baqila in the traditional food heritage of Al-Jouf?,–,"Al-Baqila is a wholesome breakfast dish made from dried broad fava beans slow-boiled with garlic and cumin, mashed coarsely, and generously drowned in local cold-pressed green olive oil, served with hot flatbread.",Open-ended,Specialized,Food
What type of legume forms the base of the traditional Al-Jouf breakfast dish Al-Baqila?,A. Broad fava beans (Fool) B. Lentils C. Chickpeas only D. Soybeans,A. Broad fava beans (Fool),MCQ (one correct),Specialized,Food
What distinguishes authentic Northern Saudi Hummus prepared in Al-Jouf and Tabuk?,–,"It is prepared by slow-simmering chickpeas with garlic, blending them with sesame tahina, lemon juice, and cumin, and serving it crowned with a generous pool of local cold-pressed extra virgin olive oil and sumac.",Open-ended,Common,Food
Which oil is poured generously atop authentic Northern Saudi hummus before serving?,A. Local virgin olive oil B. Butterfat C. Mustard oil D. Sunflower oil,A. Local virgin olive oil,MCQ (one correct),Common,Food
What is Al-Ja'adah in the wild botanical traditions of the Northern Province?,–,"Al-Ja'adah (Teucrium polium) is a wild aromatic desert herb foraged from limestone hills, boiled into a bitter, pungent herbal infusion prized across Northern tribes for relieving stomach ailments.",Open-ended,Specialized,Drinks
Which wild desert herb is traditionally boiled across Northern Saudi Arabia as a bitter medicinal digestive infusion?,A. Al-Ja'adah B. Mint C. Saffron D. Rose petals,A. Al-Ja'adah,MCQ (one correct),Specialized,Drinks
How is the red-and-white headdress (Al-Shemagh Al-Ahmar) traditionally worn by men during freezing Northern winters?,–,"Men traditionally style the Shemagh in the 'Al-Mulassam' or 'Al-Takhzeem' wrap, winding the fabric firmly across the lower face, nose, and chin beneath the black Iqal to protect against freezing desert winds and dust storms.",Open-ended,Common,Clothes
What practical function did wrapping the Shemagh around the lower face (Al-Takhzeem) serve in Northern winter weather?,A. Protection against sub-zero winds and blowing sand B. Concealing identity during dances C. Religious obligation only D. Sleeping mask,A. Protection against sub-zero winds and blowing sand,MCQ (one correct),Common,Clothes
What is Al-Hizam Al-Fiddi in traditional Northern women's wedding attire?,–,"Al-Hizam Al-Fiddi is a wide ceremonial belt composed of articulated solid silver links strung with authentic Ottoman and Maria Theresa silver thaler coins, worn around the waist over the embroidered Sharsh dress.",Open-ended,Specialized,Clothes
What historical silver items were linked together to construct traditional Northern women's bridal belts?,A. Silver coins (Thalers and Riyals) B. Iron washers C. Copper nails D. Sea shells only,A. Silver coins (Thalers and Riyals),MCQ (one correct),Specialized,Clothes
What is the role of Shi'r Al-Nabati (Vernacular Poetry) in Northern Saudi desert culture?,–,"Recited around campfire gatherings, Shi'r Al-Nabati is the premier oral artistic medium of Northern Bedouin tribes, preserving historical chronicles, lineages, martial chivalry, and desert philosophy through rhyming metric stanzas.",Open-ended,Common,Entertainment
Which vernacular poetic tradition serves as the living archive of tribal chronicles and desert ethics in Northern Saudi Arabia?,A. Shi'r Al-Nabati B. Classical sonnets C. Haiku D. Epic prose only,A. Shi'r Al-Nabati,MCQ (one correct),Common,Entertainment
What is the traditional folk game Al-Kuz (or Al-Mugsa') played in Northern villages?,–,"Al-Kuz is an outdoor agility game where a short wooden peg sharpened at both ends is struck on its tip with a longer bat to pop it into the air, then batted forcefully into the distance before opponents can field it.",Open-ended,Specialized,Entertainment
What wooden piece is popped into the air and struck with a bat in the traditional Northern game Al-Kuz?,A. A short double-tapered wooden peg B. A glass marble C. A rubber ball D. A leather disc,A. A short double-tapered wooden peg,MCQ (one correct),Specialized,Entertainment
What is Souq Al-Na'am in Tabuk and what does it trade?,–,"Souq Al-Na'am is Tabuk's historic livestock auction bazaar, historically recognized as one of the largest livestock markets in northwestern Arabia for trading camels, purebred sheep (Al-Nuaimi), and goats.",Open-ended,Common,Markets
Which prized sheep breed is predominantly traded at the historic livestock auctions in Tabuk?,A. Nuaimi Sheep (Al-Nuaimi) B. Merino C. Dorper D. Romanov,A. Nuaimi Sheep (Al-Nuaimi),MCQ (one correct),Common,Markets
What is the maritime heritage of the coastal village of Al-Khuraybah in Tabuk?,–,"Al-Khuraybah is an ancient fishing harbor along the northern Red Sea coast, celebrated for its artisanal wooden dhow fleet, rich fishing grounds for Coral Trout (Najil) and Emperor fish (Shaoor), and ancient Nabataean port ruins.",Open-ended,Specialized,Maritime Heritage
Which Red Sea coastal fishing settlement in Tabuk Province is renowned for its historic fishing fleet and proximity to ancient Nabataean maritime ruins?,A. Al-Khuraybah B. Al-Zulfi C. Turaif D. Sakaka,A. Al-Khuraybah,MCQ (one correct),Specialized,Maritime Heritage
What distinguishes the traditional wooden boat type Al-Sanbouk built by shipwrights in Duba and Haql?,–,"Al-Sanbouk Al-Shamali is a sharp-prowed wooden dhow crafted from teak and local acacia timber with a high transom stern, built to navigate strong winds and choppy currents in the Gulf of Aqaba.",Open-ended,Specialized,Maritime Heritage
What local timber was combined with imported teak by coastal northern shipwrights to construct fishing Sambuks?,A. Local Acacia timber (Salam / Samr) B. Palm rib only C. Willow D. Cedar,A. Local Acacia timber (Salam / Samr),MCQ (one correct),Specialized,Maritime Heritage
What is Al-Hadaq in traditional Northern Bedouin camel craftsmanship?,–,"Al-Hadaq is a pair of heavy, hand-woven Sadu packbags slung over the camel's wooden saddle (Al-Shaddad), featuring bold diamond patterns and heavy fringe to transport clothing, flour, and domestic goods during migration.",Open-ended,Specialized,Crafts and Work
What hand-woven Sadu storage bags are slung across camel saddles to carry provisions during seasonal desert migrations?,A. Al-Hadaq (Saddlebags) B. Al-Gargoor C. Al-Miflaqah D. Al-Dayeen,A. Al-Hadaq (Saddlebags),MCQ (one correct),Specialized,Crafts and Work
What architectural design defines the traditional residential houses in ancient Sakaka oases?,–,"Traditional Sakaka homes are two-story mud-brick towers built upon rough-hewn sandstone footings, featuring thick walls for thermal insulation, compact inner courtyards, and palm-log flat roofs with white gypsum parapets.",Open-ended,Specialized,Architecture
What stone forms the solid foundation base beneath mud-brick walls in traditional Sakaka architecture?,A. Local rough-hewn sandstone B. Riverbed cobbles only C. Marble blocks D. Granite boulders only,A. Local rough-hewn sandstone,MCQ (one correct),Specialized,Architecture
Why is the Camel Heritage Museum in the Northern Borders significant to regional identity?,–,"It documents the centuries-old symbiotic relationship between Northern Bedouin tribes and the Arabian camel, showcasing traditional leather saddles, Sadu trappings, branding tools (Wasm), and seasonal desert trek routes.",Open-ended,Common,Historical Sites
Which cultural theme is comprehensively documented at the Camel Heritage Museum in the Northern Borders?,A. Bedouin camel husbandry, saddles, and seasonal nomadic migrations B. Modern aviation only C. Deep-sea diving D. Mountain terrace farming,A. Bedouin camel husbandry, saddles, and seasonal nomadic migrations,MCQ (one correct),Common,Historical Sites
What historical and geological prominence belongs to the Midian Mountains (Jibal Madyan) in Tabuk?,–,"Jibal Madyan is a rugged granite and sandstone mountain range forming the biblical and Quranic land of Midian, preserving ancient Nabataean settlements, trade canyons, and archaeological water installations.",Open-ended,Specialized,Historical Sites
Which ancient civilization carved cliff dwellings and tombs in the Midian Mountains of northwestern Saudi Arabia?,A. The Nabataeans B. The Aztecs C. The Parthians D. The Celts,A. The Nabataeans,MCQ (one correct),Common,Historical Sites
What archaeological structures are hidden along the sandstone walls of Wadi Al-Disah in Tabuk?,–,"Wadi Al-Disah conceals monumental Nabataean rock-cut tomb facades, rectangular burial niches, and ancient water reservoirs carved directly into high vertical sandstone cliffs.",Open-ended,Specialized,Historical Sites
What architectural structures were carved directly into the red sandstone cliffs of Wadi Al-Disah by the Nabataeans?,A. Monumental rock-cut tombs and water cisterns B. Wooden towers C. Marble palaces D. Brick amphitheatres,A. Monumental rock-cut tombs and water cisterns,MCQ (one correct),Specialized,Historical Sites
Why is Ain Al-Sukkar venerated in the Islamic history of Tabuk?,–,"Ain Al-Sukkar is the historic freshwater spring where Prophet Muhammad camped with the Muslim army during the Expedition of Tabuk in 9 AH, miraculously blessed by the Prophet to flow with abundant water.",Open-ended,Common,Historical Sites
During which prophetic expedition did Prophet Muhammad camp at the spring of Ain Al-Sukkar in Tabuk?,A. Expedition of Tabuk (9 AH) B. Battle of Badr C. Battle of Uhud D. Conquest of Makkah,A. Expedition of Tabuk (9 AH),MCQ (one correct),Common,Historical Sites
What historical role did Tayma play as an ancient cultural crossroads in pre-Islamic Arabia?,–,"Tayma was an ancient cosmopolitan trading oasis where Arab tribes, Jewish agricultural communities, and international merchants coexisted for centuries along the Incense Route, renowned for literacy, poetry, and masonry forts.",Open-ended,Specialized,Historical Sites
Which international trade highway passed directly through the fortified oasis of Tayma?,A. The Incense Route (Darb Al-Bakhour) B. The Silk Road only C. The Amber Road D. The King's Highway only,A. The Incense Route (Darb Al-Bakhour),MCQ (one correct),Common,Historical Sites
What is Al-Khabzah in the home baking traditions of Northern families?,–,"Al-Khabzah is a thick, rustic whole-wheat griddle bread baked on an iron saj or directly under embers, brushed with clarified butter and eaten warm with goat milk or tea for morning energy.",Open-ended,Common,Food
What is the thick whole-wheat griddle bread commonly baked for breakfast across Northern Saudi Arabia called?,A. Al-Khabzah B. Croissant C. Bagel D. Al-Moutabaq,A. Al-Khabzah,MCQ (one correct),Common,Food
What is Al-Rashoof in the winter gastronomy of Northern Saudi Arabia?,–,"Al-Rashoof is a thick, warming winter soup made by simmering coarse whole-wheat groats and brown lentils in reconstituted Jameed yogurt broth, seasoned with fried onions and clarified butter.",Open-ended,Specialized,Food
Which two main ingredients are slow-cooked in tangy Jameed broth to prepare Northern Rashoof soup?,A. Wheat groats and brown lentils B. White rice and peas C. Noodles and cheese D. Corn and tomatoes,A. Wheat groats and brown lentils,MCQ (one correct),Specialized,Food
What is Al-Fattah in Northern Saudi home cuisine?,–,"Al-Fattah is a comforting meal of warm whole-wheat flatbread shredded into a bowl, soaked with hot boiled goat milk or meat broth, and drenched with clarified sheep's butter.",Open-ended,Common,Food
What dairy liquid is traditionally poured over shredded flatbread to create breakfast Fattah in the North?,A. Hot boiled goat or sheep milk B. Cold yogurt only C. Almond milk D. Condensed sweet milk,A. Hot boiled goat or sheep milk,MCQ (one correct),Common,Food
How is Al-Laban Al-Rayeb served alongside Khobz Al-Khamir in traditional Al-Jouf breakfasts?,–,"Fresh cultured curdled sheep's milk (Laban Rayeb) is served chilled in earthen bowls alongside hot, date-sweetened Khamir bread, pairing cool tartness with warm sweetness.",Open-ended,Common,Food
What traditional cultured dairy beverage is paired with warm sweet Khamir bread for breakfast in Al-Jouf?,A. Al-Laban Al-Rayeb (Curdled sheep milk) B. Orange juice C. Hot chocolate D. Green tea,A. Al-Laban Al-Rayeb (Curdled sheep milk),MCQ (one correct),Common,Food
What are the two premier desert truffle varieties foraged across the Hammad plains?,–,"The two premier varieties are Al-Zubaidi (large, white, highly prized for its delicate texture) and Al-Khalasi (smaller, reddish-tan, known for its intense earthy flavor).",Open-ended,Common,Food
Which prized desert truffle variety foraged in the Northern plains is known for its large size and pure white flesh?,A. Al-Zubaidi B. Al-Khalasi C. Black truffle D. Shiitake,A. Al-Zubaidi,MCQ (one correct),Common,Food
How is fresh desert truffle soup (Marooq Al-Faq'a) prepared in Northern tribal camps?,–,"Freshly unearthed desert truffles are peeled, sliced, and simmered with lamb marrow bones, onions, and black pepper into a fragrant golden broth served piping hot during winter.",Open-ended,Specialized,Food
What meat bone is traditionally simmered with sliced wild truffles to create rich Northern truffle broth?,A. Lamb marrow bones B. Beef steak C. Fish fillets D. Chicken breast only,A. Lamb marrow bones,MCQ (one correct),Specialized,Food
What is Shahi Al-Babounaj in Northern Saudi herbal culture?,–,"Shahi Al-Babounaj is a golden herbal tea prepared by steeping dried blossoms of wild desert chamomile foraged in northern limestone valleys, drunk for relaxation and calming coughs.",Open-ended,Common,Drinks
What wild yellow flower blossom is steeped to brew calming Shahi Al-Babounaj in the North?,A. Wild desert chamomile (Babounaj) B. Sunflower C. Hibiscus D. Jasmine,A. Wild desert chamomile (Babounaj),MCQ (one correct),Common,Drinks
What are Al-Mahabis and Al-Hilal hair ornaments in Tabuk women's heritage?,–,"They are small solid silver clips and crescent plates braided directly into the side plaits of women's hair, jingling melodically during traditional wedding dances.",Open-ended,Specialized,Clothes
What natural metal was traditionally handcrafted into decorative hair braid clips for women in Tabuk?,A. Solid silver B. Platinum C. Cast iron D. White lead,A. Solid silver,MCQ (one correct),Specialized,Clothes
What is Al-Qati in traditional Northern Bedouin Sadu weaving?,–,"Al-Qati is an expansive, densely woven wool divider curtain suspended inside the hair tent to partition the public guest majlis from private family quarters, ornamented with vivid geometric diamond patterns.",Open-ended,Specialized,Crafts and Work
What is the woven decorative wool curtain that divides public and private sections inside a Bedouin tent called?,A. Al-Qati B. Al-Gharb C. Al-Miflaqah D. Al-Dayeen,A. Al-Qati,MCQ (one correct),Specialized,Crafts and Work
How is Al-Saffifah produced by Bedouin weavers in the Northern Borders?,–,"Al-Saffifah is woven on a narrow ground loom from spun sheep wool, producing durable geometric straps used to lash camel saddle frames, tie baggage bundles, and secure tent guy-ropes.",Open-ended,Specialized,Crafts and Work
What narrow, sturdy woven band of wool is crafted by Northern weavers to tie luggage bundles onto camels?,A. Al-Saffifah B. Al-Midad C. Al-Karr D. Al-Hab,A. Al-Saffifah,MCQ (one correct),Specialized,Crafts and Work
What is Al-Mihbash (or Al-Hawn Al-Khashabi) in Northern Bedouin coffee rituals?,–,"Al-Mihbash is a tall, cylindrical mortar carved from solid walnut or wild olive wood, used with a heavy pestle to pound roasted coffee beans while producing resonant, rhythmic percussion beats that welcome guests.",Open-ended,Specialized,Crafts and Work
What wooden utensil is pounded with a heavy pestle to grind coffee while making musical acoustic beats in Northern tents?,A. Al-Mihbash B. Al-Mihmas C. Al-Mibrad D. Al-Finjan,A. Al-Mihbash,MCQ (one correct),Specialized,Crafts and Work
What social message did the rhythmic striking of Al-Mihbash convey across desert encampments?,–,"The clear ringing cadence of the wooden pestle striking the mortar walls echoed across valleys, signaling to passing desert travelers that fresh coffee was being roasted and an open invitation was offered.",Open-ended,Common,Traditions and Customs
What did the acoustic rhythmic sound of Al-Mihbash signal to desert travelers in Northern Arabia?,A. Fresh coffee is ready and all travelers are welcome B. Danger of attack C. Time to sleep D. Departure of the camp,A. Fresh coffee is ready and all travelers are welcome,MCQ (one correct),Common,Traditions and Customs
What does the Northern phrase 'Halat Al-Barakah... Barak Allah Feekum' express during a visit?,–,"It is a warm hospitality blessing meaning 'Divine blessing and prosperity have descended upon our dwelling with your arrival', honoring the guest's presence.",Open-ended,Common,Languages and Communication
Which phrase is invoked in Northern hospitality to declare that blessings have arrived with the guest?,A. Halat Al-Barakah B. La Shokran C. Ma'a Al-Salamah D. Afwan,A. Halat Al-Barakah,MCQ (one correct),Common,Languages and Communication
What is the social meaning of the polite Northern response 'Ma 'Alayk Zood'?,–,"It is a humble rejoinder uttered when someone is praised, meaning 'There is no doubt regarding your own superior virtue and honor; you possess equal or greater nobility'.",Open-ended,Common,Languages and Communication
Which courteous phrase is spoken to reciprocate praise and express that the speaker holds equal or greater nobility?,A. Ma 'Alayk Zood B. Inshallah C. Mabrook D. Sabah Al-Khair,A. Ma 'Alayk Zood,MCQ (one correct),Common,Languages and Communication
What role does the Tabuk Camel Racing Track (Midan Tabuk) play in regional heritage sports?,–,"Midan Tabuk is one of the kingdom's premier camel racing arenas, hosting major annual championships where elite purebred Arabian racing camels (Al-Hujun) compete, preserving nomadic pastoral sporting culture.",Open-ended,Common,Entertainment
Which traditional animal racing championship is hosted annually at Midan Tabuk?,A. Purebred Arabian Camel Racing (Al-Hujun) B. Greyhounds only C. Horse polo only D. Falcon racing only,A. Purebred Arabian Camel Racing (Al-Hujun),MCQ (one correct),Common,Entertainment
What is the function of the sword dancer (Al-Hashi / Al-La'ab) in the performance of Al-Dahha?,–,"A lone swordsman (Al-Hashi) steps into the clearing between the two facing rows of clapping men, brandishing a curved steel sword and executing agile, acrobatic sword-dueling maneuvers in sync with the rhythm.",Open-ended,Specialized,Entertainment
What is the solo performer who dances with a curved steel sword inside the center of the Dahha formation called?,A. Al-Hashi (Al-La'ab) B. Al-Nahham C. Al-Zazzal D. Al-Mutawwif,A. Al-Hashi (Al-La'ab),MCQ (one correct),Specialized,Entertainment
