Question,Choices,Answer,Question Type,Domain,Category
What makes Historic Jeddah (Al-Balad) historically significant according to UNESCO?,–,"Historic Jeddah is a UNESCO World Heritage site recognized as a historic port for Indian Ocean trade routes and the principal maritime gateway for Muslim pilgrims arriving in Makkah by sea since the 7th century CE.",Open-ended,Common,Historical Sites
Which historic district in Jeddah was inscribed on the UNESCO World Heritage List in 2014?,A. Al-Balad (Historic Jeddah) B. Al-Koot C. Al-Turaif D. Rijal Almaa,A. Al-Balad (Historic Jeddah),MCQ (one correct),Common,Historical Sites
What is a Roshan (plural: Rawashin) in the vernacular architecture of the Western Region?,–,"A Roshan is an elaborate projecting wooden oriel window adorned with intricate louvered latticework, designed to promote cross-ventilation, filter harsh desert sunlight, and offer privacy for inhabitants in coastal Hijazi towns.",Open-ended,Specialized,Architecture
What distinctive wooden latticework feature prominently projects from the facades of traditional coral-stone houses in Historic Jeddah and Makkah?,A. Rawashin (Roshan) B. Al-Qatt C. Al-Badgeer D. Al-Mashrabiyah Al-Gharbiyah,A. Rawashin (Roshan),MCQ (one correct),Common,Architecture
What historical civilization carved the monumental tomb facades at Hegra (Al-Hijr) in Al-Ula?,–,"Hegra was constructed by the Nabataean Kingdom during the 1st century CE, serving as their southern capital and trade hub featuring over 100 well-preserved monumental tombs carved directly into sandstone massifs.",Open-ended,Common,Historical Sites
Which was the first UNESCO World Heritage site inscribed in Saudi Arabia in 2008?,A. Hegra (Al-Hijr in Al-Ula) B. Historic Jeddah C. Al-Ahsa Oasis D. At-Turaif in Diriyah,A. Hegra (Al-Hijr in Al-Ula),MCQ (one correct),Common,Historical Sites
What is Ward Taifi (Taif Rose) and why is its seasonal harvest famous?,–,"Ward Taifi is a fragrant 30-petal damask rose (Rosa damascena trigintipetala) cultivated in the high mountain valleys of Taif, harvested at dawn in spring to distill essential rose oil (Attar) and rose water.",Open-ended,Common,Agriculture
In which mountainous region of the Western Province is the world-renowned 30-petal Damask rose cultivated and distilled?,A. Taif B. Yanbu C. Khulais D. Rabigh,A. Taif,MCQ (one correct),Common,Agriculture
How is precious Taif rose oil (Attar) traditionally extracted in artisan distilleries?,–,"Tens of thousands of fresh rose petals are placed into traditional copper alembics with well water, heated over gentle fires, and condensed through copper pipes to yield pure rose water and floating vials of pure rose essential oil.",Open-ended,Specialized,Crafts and Work
What traditional metal equipment is used to distill Taif rose petals into pure rose water and aromatic attar?,A. Hand-hammered copper stills (Alembics) B. Iron pots C. Clay basins D. Ceramic vats,A. Hand-hammered copper stills (Alembics),MCQ (one correct),Specialized,Crafts and Work
What is Al-Saleeq in the culinary traditions of Taif and the Western Region?,–,"Al-Saleeq is a traditional creamy rice dish prepared by slow-cooking short-grain rice in rich chicken or mutton broth, boiling it with fresh milk, and topping it with melted local clarified ghee, served alongside spicy Daggus sauce.",Open-ended,Common,Food
What dairy liquid is blended with rice to give authentic Taifi Saleeq its distinctive creamy, risotto-like consistency?,A. Fresh cow or sheep milk B. Camel yogurt C. Sour cream D. Coconut milk,A. Fresh cow or sheep milk,MCQ (one correct),Common,Food
What is Al-Mizmar and on what occasions is it performed across Hijazi cities?,–,"Al-Mizmar is a traditional celebratory collective folk performance practiced in Makkah, Madinah, and Jeddah during weddings and festivals, where men twirl wooden walking sticks (Asa) inside a circle accompanied by drums and antiphonal poetry.",Open-ended,Common,Entertainment
Which traditional Western Saudi stick-twirling performance was inscribed by UNESCO on the Representative List of the Intangible Cultural Heritage in 2016?,A. Al-Mizmar B. Al-Dahha C. Al-Khatwah D. Al-Fijiri,A. Al-Mizmar,MCQ (one correct),Common,Entertainment
What is Sobya and during which season is it most prominently consumed in Makkah, Madinah, and Jeddah?,–,"Sobya is a refreshing traditional fermented beverage prepared from barley, stale bread crumbs, or oatmeal fermented with sugar, cardamom, and cinnamon, widely served cold during the holy month of Ramadan.",Open-ended,Common,Drinks
Which traditional fermented sweet cereal beverage is iconic on Hijazi iftar tables during Ramadan?,A. Sobya B. Chai Loomi C. Karak D. Qishr,A. Sobya,MCQ (one correct),Common,Drinks
What is Al-Ma'asoub in Western Saudi culinary culture?,–,"Al-Ma'asoub is a traditional hearty breakfast and sweet dish made from coarsely ground whole-wheat tandoor flatbread mashed with ripe bananas, clarified ghee, and honey, often garnished with fresh cream and grated cheddar.",Open-ended,Common,Food
What fresh fruit is the core ingredient mashed together with whole-wheat flatbread to make authentic Ma'asoub?,A. Ripe Banana B. Mashed dates C. Apple compote D. Mango slices,A. Ripe Banana,MCQ (one correct),Common,Food
How is Al-Balila prepared as a beloved traditional street food in the historic alleyways of Jeddah and Makkah?,–,"Al-Balila is prepared from plump chickpeas boiled until tender, seasoned with cumin, salt, and black pepper, and drizzled with pungent pickled turnip vinegar (Al-Tarshi) or pickled beet brine.",Open-ended,Common,Food
What type of legume forms the basis of the famous Hijazi street food Al-Balila?,A. Chickpeas (Hummus) B. Fava beans C. Green lentils D. Split peas,A. Chickpeas (Hummus),MCQ (one correct),Common,Food
What is Al-Dibyazah and when is it traditionally served in Hijazi households?,–,"Al-Dibyazah is an opulent traditional festive compote prepared on the eve of Eid Al-Fitr by simmering dissolved apricot paste (Qamar Al-Din) with dried figs, dates, apricots, raisins, roasted almonds, and pine nuts in ghee and cardamom.",Open-ended,Specialized,Food
Which fruit paste forms the rich golden simmered base of authentic Hijazi Eid Dibyazah?,A. Apricot paste (Qamar Al-Din) B. Date paste only C. Grape molasses D. Pomegranate paste,A. Apricot paste (Qamar Al-Din),MCQ (one correct),Specialized,Food
What is Al-Ghbana (or Al-Imamah Al-Hijaziyah) in traditional men's attire in the Western Region?,–,"Al-Ghbana is an authentic yellow or orange patterned cashmere or silk turban wound artfully around a raised conical skullcap (Al-Kufiyah Al-Baladi), worn by merchants and community elders in Makkah, Madinah, and Jeddah.",Open-ended,Specialized,Clothes
What is the traditional yellow-hued patterned turban worn by Hijazi urban notables and merchants called?,A. Al-Ghbana B. Al-Ghutra Al-Bayda C. Al-Bukhnuq D. Al-Izar,A. Al-Ghbana,MCQ (one correct),Specialized,Clothes
What characterizes the traditional Hijazi women's gown known as Al-Zaboun?,–,"Al-Zaboun is a structured, high-collared tailored coat-dress crafted from luxurious Indian brocade or satin silk, tailored to open in the front down to the waist and fasten with handmade fabric frogs or buttons.",Open-ended,Specialized,Clothes
Which fitted, high-collared traditional coat-dress made of rich silk brocade is iconic in historical Hijazi women's attire?,A. Al-Zaboun B. Thobe Asiri C. Al-Mukammam D. Al-Mujannab,A. Al-Zaboun,MCQ (one correct),Specialized,Clothes
Why is Beit Naseef in Historic Jeddah celebrated as a historic architectural landmark?,–,"Constructed in 1881 by Omar Naseef, this four-story coral-stone mansion features massive Rawashin, an interior inclined staircase wide enough for baggage camels, and served as the temporary residence of King Abdulaziz upon entering Jeddah in 1925.",Open-ended,Common,Historical Sites
Which historic four-story mansion in Jeddah's Al-Balad hosted King Abdulaziz in 1925 and features an interior wide ramp-staircase?,A. Beit Naseef B. Qasr Al-Murabba C. Qasr Khazam D. Beit Al-Rifai,A. Beit Naseef,MCQ (one correct),Common,Historical Sites
What historical role did Souq Al-Alawi play within Historic Jeddah?,–,"Souq Al-Alawi is the oldest and longest continuous market artery running through Al-Balad, historically linking the seaport gate to the eastern gate where spice traders, textile vendors, and pilgrims conducted international commerce.",Open-ended,Common,Markets
Which historic thoroughfare market in Al-Balad, Jeddah, has connected the historic seaport to eastern pilgrimage routes for centuries?,A. Souq Al-Alawi B. Souq Al-Qaisariyah C. Souq Al-Zal D. Souq Al-Khamis,A. Souq Al-Alawi,MCQ (one correct),Common,Markets
What native building material was extracted from the Red Sea to construct the multi-story tower houses of Historic Jeddah?,–,"Traditional houses were constructed using porous fossilized coral limestone blocks quarried from the Red Sea coast (known locally as Al-Hajar Al-Mangabi), bound with lime mortar and reinforced with teak and juniper wooden tie-beams.",Open-ended,Specialized,Crafts and Work
What local marine stone was quarried along the Red Sea coast to build the historic multi-tiered houses of Jeddah and Yanbu?,A. Al-Hajar Al-Mangabi (Coral limestone) B. Granite C. Basalt D. Slate stone,A. Al-Hajar Al-Mangabi (Coral limestone),MCQ (one correct),Specialized,Crafts and Work
What is the Simsimiyah and what role does it play in the coastal musical culture of Yanbu and Jeddah?,–,"The Simsimiyah is a traditional five-stringed plucked lyre fashioned from a wooden bowl and animal skin, played by coastal fishermen and sailors in Yanbu to accompany maritime songs and coastal dance rhythms.",Open-ended,Specialized,Maritime Heritage
Which traditional five-stringed bowl lyre instrument is synonymous with the seafaring musical heritage of Yanbu Al-Bahr?,A. Al-Simsimiyah B. Al-Oud C. Al-Mirwas D. Al-Rababah,A. Al-Simsimiyah,MCQ (one correct),Specialized,Maritime Heritage
What is Al-Khabiti and how is it performed in the folk traditions of the Western Region?,–,"Al-Khabiti is an ancient, fast-paced folk dance native to the coastal valleys of the Western Region, featuring rapid rhythmic drumming on frame drums (Al-Tar) and acrobatic spinning steps by pairs of dancers wielding daggers.",Open-ended,Specialized,Entertainment
Which high-tempo traditional dance popular across Western Saudi Arabia features intense rhythmic frame-drumming and rapid spinning movements?,A. Al-Khabiti B. Al-Khatwah C. Al-Dahha D. Al-Fijiri,A. Al-Khabiti,MCQ (one correct),Specialized,Entertainment
What is Al-Majrour and which mountain city in the Western Region is celebrated for this art form?,–,"Al-Majrour is an aristocratic performing art native to Taif, performed by two opposing rows of men dressed in immaculate white robes and belts who kneel and sway rhythmically while striking small frame drums (Al-Tar).",Open-ended,Specialized,Entertainment
Which traditional performing art characterized by synchronized kneeling and small frame drums originated in the city of Taif?,A. Al-Majrour B. Al-Liwa C. Al-Samri D. Al-Zamil,A. Al-Majrour,MCQ (one correct),Specialized,Entertainment
What historical role did Yanbu Al-Bahr serve along the Red Sea trade and pilgrimage network?,–,"Yanbu Al-Bahr was the historic maritime port and gateway for the holy city of Madinah, known for its coral-stone commercial district, historic dhow shipyards, and major fish trade.",Open-ended,Common,Maritime Heritage
Which historic coastal port city has traditionally served as the principal maritime sea gateway to Al-Madinah Al-Munawwarah?,A. Yanbu Al-Bahr B. Duba C. Al-Qunfudhah D. Al-Khafji,A. Yanbu Al-Bahr,MCQ (one correct),Common,Maritime Heritage
What is the most common dish in West Saudi Arabia?,–,"Saleeg, Sayadiyah, Kebab Al-Mirwa, Bukhari, Al-Ma’adousah, Salatat",Open-ended,Common,Food
What is the most common sweet in West Saudi Arabia?,–,"Qamar Al-Din, Al-Ladu, Al-Labiyah, Al-Ghraibah, Al-Hareesah, Al-Dubayzah, Al-Masiyyah, Al-Saqdanah",Open-ended,Common,Food
What is the common traditional street food in West Saudi Arabia?,–,"Balila, Potatoes",Open-ended,Common,Food
What is the most common breakfast dish in West Saudi Arabia?,–,Foul and Tamees,Open-ended,Common,Food
What is the common traditional drink in West Saudi Arabia?,–,"Sobia, Raspberry Juice, Qamar Al-Din",Open-ended,Common,Food
What is the traditional clothing for men in West Saudi Arabia?,–,"Al-Thobe and Al-Sudairi, Al-Muharid (long-sleeved robe), Al-Aqal Al-Muqasab",Open-ended,Common,Clothes
What is the traditional clothing for women in West Saudi Arabia?,–,Al-Kurta,Open-ended,Common,Clothes
What is the traditional breakfast dish eaten after Eid in West Saudi Arabia?,–,Nowashif,Open-ended,Common,Celebration
What are the common traditional dances in West Saudi Arabia?,–,Al-Mizmar,Open-ended,Common,Entertainment
What is the common traditional music in West Saudi Arabia?,–,Al-Majroor,Open-ended,Common,Entertainment
What is the common traditional craft in West Saudi Arabia?,–,"Rosaries and Taif rose perfume, Sadu, pottery products, leather tanning, Al-Dalw, Al-Sabt (land plowing)",Open-ended,Common,Crafts and Work
What is the name of the items the bride buys for her wedding in West Saudi Arabia?,–,Dabish,Open-ended,Common,Celebration
What is the average amount of dowry presented to the wife in Saudi Arabia?,–,"30,000–40,000 SAR",Open-ended,Common,Celebration
What grain and broth traditionally form the basis of Hijazi Shorbat Habb served during Ramadan?,–,"Cracked whole wheat (Habb) slow-cooked in rich lamb or beef bone broth with cardamom, mastic, and black pepper",Open-ended,Specialized,Food
What is the name of a common drink in Western Saudi Arabia during Ramadan?,–,Qamar Al-Din,Open-ended,Specialized,Food
What type of rice turns brown and is always served with fried or grilled fish in West Saudi Arabia?,–,Sayadiyah,Open-ended,Specialized,Food
What are the most famous pastries in the Western region of Saudi Arabia?,–,"Al-Sharik, Al-Kaak, Al-Fetout",Open-ended,Specialized,Food
"What is the name of a famous spice blend in Madinah, Saudi Arabia, known for its distinctive flavor and essential use in local dishes?",–,Al-Daq Al-Madani,Open-ended,Specialized,Food
What is the name of a common drink in Western Saudi Arabia in winter?,–,Sahlab,Open-ended,Specialized,Food
What are the traditional hospitality greetings and gestures extended to guests in the Western Region (Hijaz)?,–,"Warm verbal rejoinders such as 'Ahlan wa Sahlan, Sharaftoona wa Anastoona', handshakes, cheek embraces, and respectful forehead or shoulder kissing for community elders",Open-ended,Specialized,Languages and Communication
What is the traditional gift or monetary honorarium presented to the bride's mother upon the marriage contract in Western Saudi Arabia?,–,"Kiswat Al-Umm (Rida Al-Umm), a customary gift of money, fine fabric, or gold presented to honor and thank the bride's mother",Open-ended,Specialized,Celebration
What is the name of the surah in the Quran that is read to declare engagement in West Saudi Arabia?,–,Surat Al-Fatiha,Open-ended,Specialized,Celebration
What is the name of the event that happens to the bride before the wedding in West Saudi Arabia?,–,Ghumrah (bride’s dressing ceremony),Open-ended,Specialized,Celebration
What popular drink is usually served to celebrate the Islamic New Year in West Saudi Arabia?,–,Almond Coffee (White Coffee),Open-ended,Specialized,Celebration
What is the traditional breakfast dish in Eid Al-Adha?,–,Liver (Mgalgal),Open-ended,Specialized,Celebration
What is the name of a family gathering that happens before Ramadan?,–,Shabna,Open-ended,Specialized,Celebration
Where do the people of Mecca usually go the night the pilgrims spend the night at Arafat?,–,The Holy Mosque,Open-ended,Specialized,Celebration
Which Saudi province is famous for rose distillation and producing rose water?,–,Taif,Open-ended,Specialized,Crafts and Work
"What is the name of the person responsible for assisting pilgrims coming from outside Saudi Arabia, guiding them from their arrival in Mecca until their departure?",–,Mutawwif,Open-ended,Specialized,Crafts and Work
What is the name of the traditional job in Mecca that involved providing water to pilgrims and worshippers?,–,Al-Siqayah,Open-ended,Specialized,Crafts and Work
Which regions of Saudi Arabia is the game of Carrom specifically known?,–,The regions of Mecca and Medina,Open-ended,Specialized,Entertainment
"What is the ""Kasrah"" in the context of the ""Harabi Dance""?",–,A poetic form consisting of one or two couplets with a consistent rhythm,Open-ended,Specialized,Entertainment
"In which region of Saudi Arabia is the ""Al-Majroor"" dance a popular folkloric tradition?",–,Western Region,Open-ended,Specialized,Entertainment
"Where is the dance ""Al-Ashouri"" famous in Saudi Arabia?",–,Western Region,Open-ended,Specialized,Entertainment
What is the most common dish in the west of Saudi Arabia?,A. Saleeg B. Jareesh C. Mashwai D. Areeka,Saleeg,MCQ (one correct),Common,Food
What is the most popular sweet in the west of Saudi Arabia?,A. Kleija B. Labniah C. Luqaimat D. Kunafa,Labniah,MCQ (one correct),Common,Food
What is the most common traditional street food in the west of Saudi Arabia?,A. Tanoor bread B. Balila C. Falafel D. Shawarma,Balila,MCQ (one correct),Common,Food
What is the most common breakfast dish in the west of Saudi Arabia?,A. Foul and Tamees B. Areeka C. Omelet D. Cheese,Foul and Tamees,MCQ (one correct),Common,Food
What is the most common traditional drink in the west of Saudi Arabia?,A. Mango Juice B. Sobiah C. Qishr D. Almond Coffee,Sobiah,MCQ (one correct),Common,Food
What is the traditional breakfast dish during Eid Al-Fitr in the west of Saudi Arabia?,A. Jareesh and Qursan B. Areeka with Ghee C. Mashghoutha D. Nowashif,Nowashif,MCQ (one correct),Common,Celebration
What is the traditional clothing for men in the west of Saudi Arabia?,A. Al-Mirwaden B. Al-Thobe and Al-Sudairi C. Al-Dishdasha D. Al-Mufraj,Al-Thobe and Al-Sudairi,MCQ (one correct),Common,Clothes
What is the traditional clothing for women in the west of Saudi Arabia?,A. Dara’aah B. Al-Kurta C. Short Skirt D. Al-Mufraj,Al-Kurta,MCQ (one correct),Common,Clothes
What are the common traditional dances in the west of Saudi Arabia?,A. Al-Samri B. Al-Qazoui C. Al-Mizmar D. Al-Tarouq,Al-Mizmar,MCQ (one correct),Common,Entertainment
What is the common traditional music in the Western Region (Taif)?,A. Al-Samri B. Al-Mawal C. Al-Majroor D. Al-Aghani Al-Bahriya,Al-Majroor,MCQ (one correct),Common,Entertainment
What is the common traditional craft in the west of Saudi Arabia?,A. Sadu Weaving B. Al-Mawal C. Al-Qatt Painting D. Palm Weaving,Sadu Weaving,MCQ (one correct),Common,Crafts and Work
What is the name of the items the bride buys for her wedding in west Saudi Arabia?,A. Dabish B. Jihaz C. Mahr D. Shabka,Dabish,MCQ (one correct),Common,Celebration
What is the average amount of dowry presented to the wife in Saudi Arabia?,"A. 20,000–30,000 B. 30,000–40,000 C. 40,000–50,000 D. 50,000–60,000","30,000–40,000",MCQ (one correct),Common,Celebration
What type of rice turns brown and is always served with fried or grilled fish in West Saudi Arabia?,A. Sayyadiah B. Mandi C. Haneeth D. Kabsa,Sayyadiah,MCQ (one correct),Specialized,Food
What is the name of a common drink in Western Saudi Arabia during Ramadan?,A. Qamar Al-Din B. Sahlab C. Cinnamon Drink D. Rose Water,Qamar Al-Din,MCQ (one correct),Specialized,Food
"What is the name of a famous spice blend in Madinah, Saudi Arabia, known for its distinctive flavor and essential use in local dishes?",A. Daqah Al-Madinah B. Baharat C. Za'atar D. Sumac,Daqah Al-Madinah,MCQ (one correct),Specialized,Food
What is the name of a common drink in Western Saudi Arabia in winter?,A. Sahlab B. Tea C. Orange Juice D. Bitter Orange Juice,Sahlab,MCQ (one correct),Specialized,Food
What grain and broth traditionally form the basis of Hijazi Shorbat Habb served during Ramadan?,A. Cracked wheat and meat broth B. White rice and milk C. Split lentils and cumin D. Semolina and tomato paste,A. Cracked wheat and meat broth,MCQ (one correct),Specialized,Food
What are the most famous pastries in the Western region of Saudi Arabia?,A. Al-Sharik B. Al-Ka'ak C. Al-Fatoot D. All,All,MCQ (one correct),Specialized,Food
What popular drink is usually served to celebrate the Islamic New Year in West Saudi Arabia?,A. Saffron B. Almond Coffee C. Date Milk D. Green Tea,Almond Coffee,MCQ (one correct),Specialized,Celebration
What is the name of a family gathering that happens before Ramadan?,A. Ramadhnah B. Shabna C. Mawlid Al-Nabi D. Laylat Al-Qadr,Shabna,MCQ (one correct),Specialized,Celebration
What is the traditional breakfast dish in Eid Al-Adha?,A. Mugalgal B. Jareesh C. Areekah D. Kabsa,Mugalgal (liver dish),MCQ (one correct),Specialized,Celebration
What is the name of the traditional job in Mecca that involved providing water to pilgrims and worshippers?,A. Al-Saqaya B. Al-Qallafa C. Al-Kassara D. Al-Harasa,Al-Saqaya,MCQ (one correct),Specialized,Crafts and Work
Which Saudi province is famous for rose distillation and producing rose water?,A. Taif Province B. Al-Ahsa Province C. Yanbu Province D. Al-Rass Province,Taif Province,MCQ (one correct),Specialized,Crafts and Work
"What is the name of the person responsible for assisting pilgrims coming from outside Saudi Arabia, guiding them from their arrival in Mecca until their departure?",A. Imam B. Moazen C. Sheikh D. Al-Mutawwif,Al-Mutawwif,MCQ (one correct),Specialized,Crafts and Work
Which regions of Saudi Arabia is the game of Carrom specifically known?,A. The regions of Mecca and Medina B. Asir Region C. Al-Baha Region D. Najran Region,The regions of Mecca and Medina,MCQ (one correct),Specialized,Entertainment
What is the “Kasrah” in the context of the “Harabi Dance”?,A. A type of traditional drum used in the performance B. A poetic form consisting of one or two couplets with a consistent rhythm C. A dance move specific to the Harabi D. A musical note played during the performance,A poetic form consisting of one or two couplets with a consistent rhythm,MCQ (one correct),Specialized,Entertainment
In which region of Saudi Arabia is the “Al-Majroor” dance a popular folkloric tradition?,A. Western Region B. Eastern Region C. Southern Region D. Northern Region,Western Region,MCQ (one correct),Specialized,Entertainment
Where is the dance “Al-Ashouri” famous in Saudi Arabia?,A. North Saudi Arabia B. Central Saudi Arabia C. East Saudi Arabia D. West Saudi Arabia,West Saudi Arabia,MCQ (one correct),Specialized,Entertainment
What are the traditional hospitality greetings and gestures extended to guests in the Western Region (Hijaz)?,A. Warm verbal welcomes and handshakes or embraces B. Hand clapping only C. Silent bows D. Waving from afar only,A. Warm verbal welcomes and handshakes or embraces,MCQ (one correct),Specialized,Languages and Communication
What is the name of the event that happens to the bride before the wedding in West Saudi Arabia?,A. Ghumrah B. Al-Zayoon C. Henna Night D. Bridal Shower,Ghumrah,MCQ (one correct),Specialized,Celebration
What is the name of the surah in the Quran that is read to declare engagement in West Saudi Arabia?,A. Surat Al-Fatiha B. Surat Al-Baqarah C. Surat Yasin D. Surat Al-Ikhlas,Surat Al-Fatiha,MCQ (one correct),Specialized,Celebration
What is the traditional gift or monetary honorarium presented to the bride's mother upon the marriage contract in Western Saudi Arabia?,A. Kiswat Al-Umm (Rida Al-Umm) B. Al-Dibsh C. Al-Ghumrah D. Al-Shabka,A. Kiswat Al-Umm (Rida Al-Umm),MCQ (one correct),Specialized,Celebration
Where do the people of Mecca usually go the night the pilgrims spend the night at Arafat during the Hajj days?,A. Muzdalifah B. Masjid Quba C. Mina D. Holy Mosque,Holy Mosque,MCQ (one correct),Specialized,Celebration
What color does the authentic Mabroom date of Al-Madinah Al-Munawwarah tend to?,A. Reddish-brown to bronze B. Pure black C. Bright yellow D. Pale white,A. Reddish-brown to bronze,MCQ (one correct),Specialized,Food
What is the name of the dish prepared by the people of Medina for Eid breakfast?,A. Al-Harees B. Al-Mathlootha C. Al-Aseeda D. Al-Dibiyaza,D. Al-Dibiyaza,MCQ (one correct),Specialized,Food
What accompanies the “Harabi Dance”?,A. Rhythms of the Zeer drum and tambourines B. Improvised poetry sung by group leaders (Rabbans) C. Audience chants and shouts D. Tambourine rhythms and poetic verses together,A and B,MCQ (multiple correct),Specialized,Entertainment
The “Yalli Dance” is a traditional group folk dance known in the western region of Saudi Arabia. In which areas is it performed?,A. Makkah B. Madinah C. Riyadh D. Jazan,A and B,MCQ (multiple correct),Specialized,Entertainment
What is the traditional attire worn by the “Jassis” in Saudi Arabia?,A. Turban worn on the head B. Thobe with a sidari (vest) C. Shawl draped over the shoulder D. Traditional cloak,"A, B, and C",MCQ (multiple correct),Specialized,Clothes
What is the common traditional craft in the west of Saudi Arabia?,A. Sadu Weaving B. Rose Perfume Production C. Al-Qatt Painting D. Palm Weaving,A and B,MCQ (multiple correct),Specialized,Crafts and Work
What historical and cultural significance do Ajwa dates hold in Al-Madinah Al-Munawwarah?,–,"Ajwa is an ancient, soft black date exclusive to Al-Madinah Al-Munawwarah, revered in Islamic tradition for its spiritual blessings, distinctive fine wrinkled skin, and prune-like fruity flavor.",Open-ended,Common,Agriculture
Which celebrated dark-colored date variety is historically and spiritually associated exclusively with Al-Madinah Al-Munawwarah?,A. Ajwa B. Sukkari C. Khalas D. Ruzaiz,A. Ajwa,MCQ (one correct),Common,Agriculture
What was the traditional hereditary guild of Az-Zamazimah in Makkah Al-Mukarramah?,–,"Az-Zamazimah was the historic guild of Makkah families entrusted for centuries with drawing, cooling in clay jars, perfuming with mastic smoke, and distributing holy Zamzam water to visiting Hajj and Umrah pilgrims.",Open-ended,Specialized,Traditions and Customs
Which traditional professional guild in Makkah Al-Mukarramah historically oversaw the service and distribution of Zamzam water to pilgrims?,A. Az-Zamazimah B. Al-Mutawwifoone C. Al-Adilla D. Al-Qallafah,A. Az-Zamazimah,MCQ (one correct),Specialized,Traditions and Customs
What artisanal craft is practiced at the King Abdulaziz Complex for Holy Kaaba Kiswa in Makkah?,–,"Artisans hand-weave raw natural black silk and meticulously embroider Quranic verses onto the Kaaba Kiswa using silver and pure gold-plated threads along the ornamental belt (Al-Hizam).",Open-ended,Specialized,Crafts and Work
What precious metallic threads are hand-embroidered by master craftsmen onto the ornamental belt of the Holy Kaaba Kiswa in Makkah?,A. Pure silver and gold-plated wire threads B. Copper wire only C. Synthetic nylon threads D. Aluminum wire,A. Pure silver and gold-plated wire threads,MCQ (one correct),Specialized,Crafts and Work
What distinctive aromatic resin is traditionally used to flavor Arabic coffee and perfume drinking cups in Hijaz?,–,"Mastic (Mustaka) resin tears are dropped into the boiling coffee pot alongside cardamom or burned in small censers to smoke-flavor drinking cups and earthenware water jars.",Open-ended,Common,Drinks
Which translucent aromatic tree resin is unique to boiling Hijazi Arabic coffee and smoking drinking glasses?,A. Mastic (Mustaka) B. Frankincense C. Myrrh D. Gum Arabic,A. Mastic (Mustaka),MCQ (one correct),Common,Drinks
What is Khobz Al-Tamees and how is it baked in traditional Hijazi urban bakeries?,–,"Al-Tamees is a wide, round leavened flatbread slapped onto the inner walls of an intensely heated clay tandoor oven, baked until golden and speckled, traditionally eaten hot with fava bean foul.",Open-ended,Common,Food
What traditional clay oven is utilized across Makkah, Jeddah, and Madinah to bake fresh Tamees bread?,A. Tannour (Tandoor) B. Convex iron saj only C. Stone hearth D. Modern electric pan,A. Tannour (Tandoor),MCQ (one correct),Common,Food
What culinary step defines authentic Hijazi Foul Qallaba served in historic neighborhoods?,–,"Slow-stewed fava beans are mashed with tomatoes, onions, garlic, and cumin, then traditionally smoked by dropping a burning wood ember into a spoon of clarified butter atop the dish.",Open-ended,Common,Food
What technique is traditionally used in Hijazi restaurants to give Foul Qallaba its signature smoky flavor?,A. Extinguishing a hot wood ember in a dish of oil or ghee atop the beans B. Liquid smoke drops C. Charring the beans raw D. Baking under sand,A. Extinguishing a hot wood ember in a dish of oil or ghee atop the beans,MCQ (one correct),Common,Food
Why is Beit Al-Ba'eshen in Historic Jeddah historically and socially significant?,–,"Beit Al-Ba'eshen, constructed in the 19th century, is one of the oldest preserved coral-stone mansions in Al-Balad, featuring ornate teakwood Rawashin and an ancient private Islamic calligraphy library.",Open-ended,Specialized,Historical Sites
Which celebrated 19th-century coral-stone mansion in Historic Jeddah houses a rare private manuscript and calligraphy collection?,A. Beit Al-Ba'eshen B. Qasr Al-Murabba C. Beit Al-Rifai D. Beit Al-Mulla,A. Beit Al-Ba'eshen,MCQ (one correct),Specialized,Historical Sites
What architectural features distinguish Beit Matbouli in the Al-Yemen quarter of Historic Jeddah?,–,"Beit Matbouli is a traditional merchant residence built of Mangabi coral stone, showcasing multi-story interior light wells, cantilevered ceilings of imported Jawi wood, and detailed louvered Rawashin.",Open-ended,Specialized,Architecture
In which historic residential quarter of Al-Balad is the restored Beit Matbouli museum situated?,A. Harat Al-Yemen B. Harat Al-Bahr C. Harat Al-Sham D. Harat Al-Mazloom,A. Harat Al-Yemen,MCQ (one correct),Specialized,Architecture
What were the primary historic defensive gates puncturing the old fortified city wall of Jeddah?,–,"The old defensive coral wall featured fortified entry gates including Bab Makkah facing eastward, Bab Sharif facing southward, Bab Al-Madinah facing northward, and Bab Al-Bahr facing the port.",Open-ended,Common,Historical Sites
Which historic gate on the eastern wall of Old Jeddah stood as the departure portal for pilgrim caravans heading toward Makkah?,A. Bab Makkah B. Bab Al-Bahr C. Bab Al-Yemen D. Bab Al-Sabab,A. Bab Makkah,MCQ (one correct),Common,Historical Sites
Why is the Al-Shafi'i Mosque in Historic Jeddah revered in Islamic architecture?,–,"Located in Harat Al-Mazloom, Al-Shafi'i Mosque dates back to the 13th century CE, celebrated for its ancient square Ottoman-style minaret, carved teak pillars, and central open courtyard (Sahan).",Open-ended,Specialized,Historical Sites
In which historical quarter of Al-Balad, Jeddah, is the 13th-century Al-Shafi'i Mosque located?,A. Harat Al-Mazloom B. Harat Al-Bahr C. Harat Al-Yemen D. Harat Al-Sham,A. Harat Al-Mazloom,MCQ (one correct),Specialized,Historical Sites
Why is Masjid Quba in Al-Madinah Al-Munawwarah historically significant in Islamic civilization?,–,"Masjid Quba is the very first mosque constructed in Islamic history, founded by Prophet Muhammad upon his arrival in Madinah during the Hijrah in 622 CE.",Open-ended,Common,Historical Sites
Which historic sanctuary in Al-Madinah Al-Munawwarah is documented as the first mosque built in Islamic history?,A. Masjid Quba B. Al-Masjid Al-Nabawi C. Masjid Al-Qiblatayn D. Masjid Al-Ijabah,A. Masjid Quba,MCQ (one correct),Common,Historical Sites
What historical event took place at the base of Mount Uhud north of Madinah in 625 CE?,–,"The Battle of Uhud took place at its southern slopes between early Muslims and the Quraysh, preserving the historic Martyrs' Cemetery (Shuhada Uhud) and the Archers' Hill (Jabal Al-Rumat).",Open-ended,Common,Historical Sites
Which landmark hill where archers were positioned stands adjacent to Mount Uhud in Al-Madinah Al-Munawwarah?,A. Jabal Al-Rumat (Archers' Hill) B. Jabal Al-Nour C. Jabal Thawr D. Jabal Uhud Summit,A. Jabal Al-Rumat (Archers' Hill),MCQ (one correct),Common,Historical Sites
What ancient architectural and agricultural landscape characterizes the historic oasis of Khaybar?,–,"Khaybar is an ancient volcanic oasis situated on black basalt lava fields (Harrat), characterized by prehistoric drystone kite traps, date groves, and elevated defensive stone fortresses like Qasr Marhab.",Open-ended,Specialized,Historical Sites
What dark volcanic stone naturally characterizes the terrain and ancient fortress walls of Khaybar Oasis?,A. Basalt stone (Harrat stone) B. White marble C. Soft sandstone D. Granite only,A. Basalt stone (Harrat stone),MCQ (one correct),Specialized,Historical Sites
What historical role did Jabal Ikmah and Dadan play in the epigraphic heritage of ancient Arabia?,–,"Dadan was the capital of the Dadanite and Lihyanite kingdoms, while nearby Jabal Ikmah served as an open-air library preserving hundreds of monumental inscriptions carved in the ancient Dadanitic script.",Open-ended,Specialized,Historical Sites
Which archaeological mountain in Al-Ula is globally celebrated as an 'open-air library' of ancient Dadanitic and Lihyanite inscriptions?,A. Jabal Ikmah B. Jabal Al-Fil C. Jabal Uhud D. Jabal Al-Qarah,A. Jabal Ikmah,MCQ (one correct),Specialized,Historical Sites
What architectural design defines the mudbrick settlement of Al-Ula Old Town (Ad-Deerah)?,–,"Al-Ula Old Town is an interconnected urban labyrinth of nearly 900 multi-story mudbrick and stone dwellings linked by covered shaded alleys, overseen by a high 10th-century stone defensive citadel (Musa bin Nusayr Fort).",Open-ended,Common,Architecture
Which historic stone fortress overlooks the interconnected mudbrick dwellings of Al-Ula Old Town?,A. Musa bin Nusayr Fort B. Qasr Ibrahim C. Qal'at Tarout D. Qasr Khazam,A. Musa bin Nusayr Fort,MCQ (one correct),Specialized,Architecture
What architectural fusion characterizes the historic Shubra Palace in Taif?,–,"Constructed in 1905, Shubra Palace combines traditional Hijazi coral and stone craftsmanship with neoclassical Roman and Islamic architectural elements, noted for its carved wooden lattice balconies and Italian marble columns.",Open-ended,Specialized,Historical Sites
Which landmark palace constructed in 1905 in Taif served as a royal residence and features a fusion of Hijazi and neoclassical architecture?,A. Shubra Palace B. Beit Naseef C. Qasr Al-Aan D. Qasr Al-Murabba,A. Shubra Palace,MCQ (one correct),Common,Historical Sites
What historical role did Souq Okaz play in pre-Islamic and early Arabic cultural heritage?,–,"Souq Okaz was the most prestigious annual pan-Arab market near Taif, where tribal merchants traded goods while premier poets competed in poetic declamation tournaments to have their verses immortalized as Mu'allaqat.",Open-ended,Common,Markets
Which legendary historic market near Taif was renowned in classical Arabia as the premier arena for tribal poetic competitions?,A. Souq Okaz B. Souq Al-Khamis C. Souq Al-Qaisariyah D. Souq Al-Majannah,A. Souq Okaz,MCQ (one correct),Common,Markets
Why was the historic market in Yanbu Al-Bahr named Souq Al-Lail (The Night Market)?,–,"Souq Al-Lail was named because commerce historically commenced after sunset by lantern light, allowing pearl divers and fishermen returning from sea at dusk to sell their catch and purchase provisions.",Open-ended,Common,Markets
Which historic marketplace in Yanbu Al-Bahr historically operated after sunset to cater to returning fishermen and sailors?,A. Souq Al-Lail B. Souq Al-Alawi C. Souq Al-Hob D. Souq Waqif,A. Souq Al-Lail,MCQ (one correct),Common,Markets
What geographical prominence does Mount Radwa hold in the maritime navigation of the Red Sea?,–,"Jabal Radwa is an imposing, jagged red granite mountain near Yanbu rising over 2,200 meters, which historically served as an unmistakable natural maritime beacon for sailors navigating Red Sea trade channels.",Open-ended,Specialized,Historical Sites
Which high red granite mountain near Yanbu historically served as a towering natural navigational beacon for Red Sea mariners?,A. Mount Radwa B. Mount Uhud C. Mount Sawda D. Jabal Al-Nour,A. Mount Radwa,MCQ (one correct),Specialized,Historical Sites
What is the historical significance of the governorate of Badr south of Madinah?,–,"Badr is the site of the historic first major military encounter in Islamic history (Battle of Badr in 624 CE), featuring preserved historic well sites and the cemetery of the fourteen martyrs of Badr.",Open-ended,Common,Historical Sites
In which Hijri year did the foundational Battle of Badr occur in the Western Province?,A. 2 AH (624 CE) B. 5 AH C. 9 AH D. 11 AH,A. 2 AH (624 CE),MCQ (one correct),Common,Historical Sites
What is Al-Dabsh in the traditional wedding customs of the Western Region?,–,"Al-Dabsh is the elaborate ceremonial procession of decorated chests, trunks, and packages transporting the bride's new clothing, perfumes, jewelry, linens, and furnishings from her parents' home to her marital house before the wedding.",Open-ended,Common,Celebration
What is the ceremonial transfer of the bride's wedding wardrobe, furnishings, and beauty boxes called in Western Saudi Arabia?,A. Al-Dabsh B. Al-Kassah C. Al-Rafada D. Al-Nazala,A. Al-Dabsh,MCQ (one correct),Common,Celebration
What traditional attire and facial adornment is worn by the bride during Laylat Al-Ghumrah in Hijazi traditions?,–,"The bride wears a heavily embroidered traditional tunic (often the traditional Al-Madini or Indian-inspired bridal gown) and covers her face with a veil of gold coins or metallic net (Al-Burqa Al-Makkawi) while henna is applied to her hands.",Open-ended,Specialized,Clothes
What ceremonial face veil adorned with gold sequins or coins was traditionally worn during Laylat Al-Ghumrah in Makkah?,A. Al-Burqa Al-Makkawi B. Al-Litham C. Al-Bukhnuq D. Al-Qubba'ah,A. Al-Burqa Al-Makkawi,MCQ (one correct),Specialized,Clothes
What is Al-Daqla in traditional men's formal wear in the Western Region?,–,"Al-Daqla is a luxurious, long-sleeved tailored open-coat worn over the thobe during weddings and festivals, crafted from fine cashmere, brocade, or wool with braided silk frogs across the chest.",Open-ended,Common,Clothes
Which tailored long coat worn over the traditional thobe is iconic for men at formal Hijazi celebrations and national ceremonies?,A. Al-Daqla B. Al-Izar C. Al-Mufraj D. Al-Wizra,A. Al-Daqla,MCQ (one correct),Common,Clothes
What is Al-Sudairi in Western Saudi traditional male clothing?,–,"Al-Sudairi is a fitted, sleeveless vest tailored from wool or patterned cotton worn over the white thobe, featuring side pockets and embroidered front trim suited for city merchants and tradesmen.",Open-ended,Common,Clothes
What sleeveless vest is traditionally worn over the thobe by urban men in Makkah, Jeddah, and Madinah?,A. Al-Sudairi B. Al-Bisht C. Al-Kaff D. Al-Haqwa,A. Al-Sudairi,MCQ (one correct),Common,Clothes
What is Al-Kufiyah Al-Baladi (or Kufiyat Al-Bafteh) in Western men's headwear?,–,"It is a stiffened, hand-stitched white cotton skullcap with vertical ridges and intricate open-work needlework, worn alone indoors or used as the firm base around which the Ghbana turban is wrapped.",Open-ended,Specialized,Clothes
What hand-embroidered, stiffened white cotton cap forms the base for winding the traditional Hijazi turban?,A. Al-Kufiyah Al-Baladi B. Al-Eqal C. Al-Ghutra D. Al-Tofsha,A. Al-Kufiyah Al-Baladi,MCQ (one correct),Specialized,Clothes
What was the traditional role of Al-Musahharati during Ramadan in old Hijazi neighborhoods?,–,"Al-Musahharati was the community night-crier who walked through the narrow residential alleyways in the pre-dawn hours, beating a small handheld drum (Al-Baz) and calling out rhyming chants to awaken families for Suhoor.",Open-ended,Common,Traditions and Customs
Which small handheld drum was traditionally struck by Al-Musahharati to wake residents for the pre-dawn Ramadan meal?,A. Al-Baz (handheld drum) B. Al-Zeer C. Al-Zalaf D. Al-Mirwas,A. Al-Baz (handheld drum),MCQ (one correct),Specialized,Traditions and Customs
How was drinking water traditionally cooled in Western Saudi homes before modern refrigerators?,–,"Water was stored in porous clay jars (Al-Zir) supported by wooden stands, cooled via surface evaporative chilling, and served in unglazed earthenware carafes (Al-Dauraq) perfumed with burned mastic smoke.",Open-ended,Specialized,Crafts and Work
What small earthenware drinking flask was traditionally perfumed with mastic smoke and filled with chilled water in Hijazi houses?,A. Al-Dauraq B. Al-Gargoor C. Al-Hab D. Al-Mifa,A. Al-Dauraq,MCQ (one correct),Specialized,Crafts and Work
What varieties of aromatic mint are traditionally cultivated in the agricultural gardens of Madinah?,–,"Al-Madinah is famous for several cultivated mint varieties, including Maghribi mint, Hasawi mint, Doushi, and wild spearmint (Habak), widely purchased by pilgrims to steep in daily hot tea.",Open-ended,Common,Agriculture
Which aromatic herb is famously harvested in the oases of Al-Madinah Al-Munawwarah and steeped in black tea pots for fragrance?,A. Al-Na'na' Al-Madani (Madinah Mint) B. Rosemary C. Thyme D. Sage,A. Al-Na'na' Al-Madani (Madinah Mint),MCQ (one correct),Common,Agriculture
What distinguishes the Rotana date cultivated in the farms of Al-Madinah Al-Munawwarah?,–,"Rotana is a golden, succulent date prized for being consumed at the semi-ripe Rutab stage, famed for its tender translucent texture, high moisture, and honey-caramel taste.",Open-ended,Specialized,Food
Which succulent golden date of Al-Madinah is celebrated for being enjoyed fresh at the Rutab stage of ripeness?,A. Rotana B. Khodari C. Sagai D. Safawi,A. Rotana,MCQ (one correct),Specialized,Food
What makes the Anbarah date of Madinah one of the most prestigious date varieties?,–,"Anbarah is a rare, large-sized date with a thick reddish-brown flesh, small seed, and natural sweetness, historically classified among the highest-grade luxury dates presented as elite gifts.",Open-ended,Specialized,Food
Which rare, large-sized reddish-brown date cultivar of Madinah is recognized for its thick fleshy body and small pit?,A. Anbarah B. Barni C. Ruzaiz D. Sukkari,A. Anbarah,MCQ (one correct),Specialized,Food
What is Kabab Al-Meero in the traditional culinary heritage of Makkah and Jeddah?,–,"Kabab Al-Meero is a distinctive Hijazi dish of small, deep-fried spiced meatballs seasoned with coriander and black pepper and bound with millet flour (Dukhn), served with tahini salad and cucumber slices.",Open-ended,Specialized,Food
What whole-grain flour is mixed into ground mutton to bind traditional Hijazi Kabab Al-Meero meatballs?,A. Dukhn (Pearl millet flour) B. Rice flour C. Cornmeal D. Oat flour,A. Dukhn (Pearl millet flour),MCQ (one correct),Specialized,Food
What is Al-Manzalah in the traditional cooking of Makkah and Jeddah?,–,"Al-Manzalah is an authentic slow-cooked lamb or beef stew braised in a rich, tangy sauce made of diluted sesame paste (Tahina), vinegar, garlic, and cumin, served at festive family lunches.",Open-ended,Specialized,Food
What creamy condiment forms the tangy braising sauce of authentic Hijazi Manzalah stew?,A. Tahina (Sesame paste) with vinegar B. Yogurt sauce C. Coconut milk D. Tomato puree only,A. Tahina (Sesame paste) with vinegar,MCQ (one correct),Specialized,Food
What is Al-Ma'dous and during what weather is it traditionally cooked in Jeddah and Makkah?,–,"Al-Ma'dous is a comforting dish of yellow or brown lentils simmered together with white rice and whole cumin seeds, traditionally prepared by Hijazi households on overcast, rainy winter days and served with pickled fish.",Open-ended,Common,Food
Which weather condition in coastal Hijaz traditionally prompts families to prepare the lentil-and-rice dish Al-Ma'dous?,A. Rainy or overcast days B. Scorching summer heat waves C. Sandstorms D. Frost mornings,A. Rainy or overcast days,MCQ (one correct),Common,Food
How is authentic Al-Mutabbaq prepared in Western Saudi food culture?,–,"Paper-thin dough is stretched and folded around a filling of seasoned minced meat, leeks (Kurrath), eggs, and black pepper, then pan-fried on a flat iron griddle until crispy and served with fresh lime wedges.",Open-ended,Common,Food
Which fresh green allium vegetable is a vital traditional ingredient in savory minced meat Mutabbaq filling?,A. Kurrath (Local Leeks) B. Spinach C. Parsley only D. Celery,A. Kurrath (Local Leeks),MCQ (one correct),Common,Food
What are Al-Ladu and Al-Labaniyah in the traditional confectioneries of Hijaz?,–,"Al-Ladu is a golden chickpea-flour sweet bound with sugar syrup, cardamom, and saffron into dense spheres, while Al-Labaniyah is a soft, milk-based fudge perfumed with rose water and cardamom.",Open-ended,Common,Food
Which traditional Hijazi confection is a soft white fudge prepared primarily from powdered milk, sugar syrup, cardamom, and rose water?,A. Al-Labaniyah B. Kleija C. Al-Aseeda D. Al-Hanini,A. Al-Labaniyah,MCQ (one correct),Common,Food
What is Al-Harisah in the dessert tradition of Makkah?,–,"Al-Harisah is an artisanal baked dessert prepared by simmering ground blanched almonds with sugar, pure ghee, and milk, baked until set and sliced into diamond patterns.",Open-ended,Specialized,Food
What nut forms the principal base of the traditional baked sweet known as Al-Harisah Al-Makkiyah?,A. Almonds B. Walnuts C. Pistachios D. Peanuts,A. Almonds,MCQ (one correct),Specialized,Food
What characterizes the traditional bread Al-Shuraik (or Ka'ak Al-Shuraik) in Al-Madinah Al-Munawwarah?,–,"Al-Shuraik is a round or ring-shaped yeast bread sprinkled with black nigella seeds and sesame, baked until soft and aromatic, traditionally paired with Madinah mint tea or Dukka spice blend.",Open-ended,Common,Food
Which dark medicinal seed famously tops the traditional soft ring-shaped Shuraik bread of Al-Madinah?,A. Nigella seeds (Habbat Al-Barakah) B. Chia seeds C. Poppy seeds D. Mustard seeds,A. Nigella seeds (Habbat Al-Barakah),MCQ (one correct),Common,Food
What is Daqqat Al-Madinah and how is it traditionally consumed?,–,"Daqqat Al-Madinah is a signature spice blend combining roasted coriander, cumin, dried mint, sesame seeds, salt, and sumac, eaten by dipping fresh bread or boiled eggs into it.",Open-ended,Common,Food
What popular breakfast food is traditionally dipped into the authentic herbal spice mix Daqqat Al-Madinah?,A. Boiled eggs and fresh bread B. Grilled steak C. White rice D. Fried pastry only,A. Boiled eggs and fresh bread,MCQ (one correct),Common,Food
What is Gahwa Loz (White Almond Coffee) and what festive occasion does it celebrate in Western Saudi Arabia?,–,"Gahwa Loz is a creamy hot beverage prepared from boiled milk, ground blanched almonds, rice flour, and cardamom, served on the first day of the Islamic New Year (1st of Muharram) as an omen for a pure, sweet year.",Open-ended,Common,Celebration
On which Islamic occasion is the traditional sweet white drink Gahwa Loz prepared to welcome the new year with positivity?,A. 1st of Muharram (Hijri New Year) B. Eid Al-Fitr C. Day of Arafat D. Mid-Sha'ban,A. 1st of Muharram (Hijri New Year),MCQ (one correct),Common,Celebration
What is the customary social ritual of Al-Ta'meeq observed in Hijazi cities during Eid?,–,"Al-Ta'meeq is the formal Eid morning gathering where family members and neighborhood youth assemble to pay formal respects, kiss the heads and hands of community elders, and exchange blessings.",Open-ended,Specialized,Traditions and Customs
What is the traditional morning protocol of visiting elders and kissing their hands to exchange Eid greetings in Hijaz called?,A. Al-Ta'meeq B. Al-Ghumrah C. Al-Dabsh D. Al-Shabna,A. Al-Ta'meeq,MCQ (one correct),Specialized,Traditions and Customs
What constitutes the traditional Hijazi post-Eid morning breakfast known as Al-Nowashif?,–,"Al-Nowashif is an assorted cold-plate breakfast spread featuring white cheeses, black and green olives, halal deli meats, halawa tahiniyah, jams, and warm Shuraik and Tamees breads.",Open-ended,Common,Food
What is the traditional assortment of dry goods, artisan cheeses, olives, and bread served during Eid breakfast in Hijaz called?,A. Al-Nowashif B. Al-Saleeq C. Al-Maghsh D. Al-Daghabees,A. Al-Nowashif,MCQ (one correct),Common,Food
What is the traditional performing art Al-Bawardi in the Western highlands?,–,"Al-Bawardi is a traditional martial and celebratory dance performed by skilled riflemen holding antique matchlock muskets (Al-Maqama), firing synchronized black-powder blank charges into the ground in time with drums.",Open-ended,Specialized,Entertainment
Which traditional dance in Western Saudi Arabia involves synchronized firing of muzzle-loading muskets to the rhythm of drums?,A. Al-Bawardi (Ta'sheer) B. Al-Mizmar C. Al-Liwa D. Al-Samri,A. Al-Bawardi (Ta'sheer),MCQ (one correct),Specialized,Entertainment
What was Al-Baddan in the traditional maritime heritage of the Red Sea coast?,–,"Al-Baddan was a slender, double-ended wooden fishing craft with an upright stem and rudder, uniquely rigged with a lateen sail to navigate shallow coastal lagoons and coral shoals around Jeddah and Yanbu.",Open-ended,Specialized,Maritime Heritage
Which traditional double-ended wooden boat was utilized by fishermen along the Red Sea coast for shallow reef fishing?,A. Al-Baddan B. Al-Gargoor C. Al-Midad D. Al-Tasa,A. Al-Baddan,MCQ (one correct),Specialized,Maritime Heritage
What characterized the historic goldsmiths' souqs in Makkah Al-Mukarramah near the Grand Mosque?,–,"Master jewelers crafted 21-karat and 24-karat gold ornaments, filigree bangles, and bridal headpieces (Al-Kaff and Al-Hasa), internationally sought after by pilgrims as sacred family heirlooms.",Open-ended,Common,Markets
What precious craft has historically flourished around the Grand Mosque in Makkah, crafting jewelry for arriving pilgrims?,A. Goldsmithing and filigree jewelry (Al-Siyaghah) B. Glassblowing C. Carpet weaving D. Iron smelting,A. Goldsmithing and filigree jewelry (Al-Siyaghah),MCQ (one correct),Common,Markets
What is Al-Shabna in the social traditions of the Western Province?,–,"Al-Shabna is an inherited family gathering held during the final days of the month of Sha'ban, where extended families assemble for a lavish outdoor picnic and banquet to celebrate social bonds before Ramadan.",Open-ended,Common,Celebration
During which Hijri month is the traditional pre-Ramadan familial feast Al-Shabna held across Western Saudi Arabia?,A. Sha'ban B. Rajab C. Shawwal D. Safar,A. Sha'ban,MCQ (one correct),Common,Celebration
What is the Makkan tradition of Al-Kholaf observed on the 9th day of Dhul-Hijjah (Day of Arafat)?,–,"While all male pilgrims and residents depart to Mount Arafat, the women and children of Makkah proceed to the Grand Mosque to spend the day praying, performing Tawaf in the empty courtyard, and breaking their fast together.",Open-ended,Specialized,Traditions and Customs
What is the historical custom in Makkah where women and children populate the Grand Mosque while pilgrims stand at Arafat called?,A. Al-Kholaf B. Al-Ghumrah C. Al-Dabsh D. Al-Mizmar,A. Al-Kholaf,MCQ (one correct),Specialized,Traditions and Customs
What is Al-Shattah Al-Hijaziyah (or Sambal) and how is it used in regional gastronomy?,–,"Al-Shattah is an artisanal spicy condiment prepared by crushing hot red chili peppers with vinegar, garlic, salt, and toasted spices, served alongside rice dishes, Mutabbaq, and grilled fish.",Open-ended,Common,Food
Which pungent chili-based condiment seasoned with vinegar and garlic is ubiquitous on Hijazi dining tables?,A. Al-Shattah Al-Hijaziyah B. Mayonnaise C. Mustard D. Soy sauce,A. Al-Shattah Al-Hijaziyah,MCQ (one correct),Common,Food
What traditional welcoming phrases and hospitality etiquette greet guests entering a Hijazi home?,–,"Guests are warmly welcomed with expressions such as 'Ahlan wa Sahlan, Sharaftoona wa Anastoona', greeted with rose water sprinkles from a silver flask, and presented with Arabic coffee flavored with mastic and cardamom.",Open-ended,Common,Languages and Communication
Which traditional Arabic welcome phrase is iconic in Western Saudi homes to express that guests bring joy and honor?,A. Sharaftoona wa Anastoona B. Marhaba Aloof only C. Khosh Amadid D. Sabah Al-Khair only,A. Sharaftoona wa Anastoona,MCQ (one correct),Common,Languages and Communication
What is Ain Zubaida and what historical role did it play for pilgrims in Makkah?,–,"Ain Zubaida is an ancient engineering aqueduct system constructed during the Abbasid era by Queen Zubaida, channeling freshwater through subterranean stone tunnels from Hunayn and Taif mountains across 30 kilometers to pilgrim sites in Makkah.",Open-ended,Specialized,Historical Sites
Which historic aqueduct system built in the 8th century CE channeled freshwater across 30 kilometers to serve pilgrims in Makkah?,A. Ain Zubaida B. Ain Darous C. Ain Al-Aziziyah D. Ain Najm,A. Ain Zubaida,MCQ (one correct),Common,Historical Sites
What is Al-Aish Bil-Lahm in the traditional bakery heritage of Makkah and Jeddah?,–,"Al-Aish Bil-Lahm is a savory open-faced baked bread pie topped with spiced minced lamb, chopped leeks (Kurrath), and a golden dressing of sesame tahina paste, garnished with black nigella seeds.",Open-ended,Specialized,Food
Which distinctive condiment topping is baked over minced lamb and leeks in authentic Hijazi Aish Bil-Lahm pie?,A. Sesame tahina paste dressing B. Tomato ketchup C. Melted cheese D. Pomegranate syrup only,A. Sesame tahina paste dressing,MCQ (one correct),Specialized,Food
Why is Jabal Al-Nour in Makkah revered in Islamic religious history?,–,"Jabal Al-Nour houses the Cave of Hira (Ghar Hira) near its peak, where Prophet Muhammad spent periods of solitary contemplation and received the first revelation of the Holy Quran through Angel Gabriel in 610 CE.",Open-ended,Common,Historical Sites
Which historic cave located near the summit of Jabal Al-Nour witnessed the first revelation of the Quran?,A. Ghar Hira B. Ghar Thawr C. Kahf Al-Raqim D. Ghar Al-Qarah,A. Ghar Hira,MCQ (one correct),Common,Historical Sites
What historical role did Ghar Thawr south of Makkah serve during the Prophet's Hijrah?,–,"Ghar Thawr is the mountain cave where Prophet Muhammad and Abu Bakr Al-Siddiq sheltered for three days from Quraysh pursuers during their migration from Makkah to Madinah in 622 CE.",Open-ended,Common,Historical Sites
Which mountain cave south of Makkah provided shelter to Prophet Muhammad and Abu Bakr for three days during the Hijrah?,A. Ghar Thawr B. Ghar Hira C. Jabal Ikmah D. Jabal Uhud,A. Ghar Thawr,MCQ (one correct),Common,Historical Sites
Why is Masjid Al-Qiblatayn in Al-Madinah Al-Munawwarah named 'The Mosque of the Two Qiblas'?,–,"Masjid Al-Qiblatayn is the historic sanctuary where Prophet Muhammad received divine revelation to reorient the prayer direction (Qiblah) mid-prayer from Jerusalem (Al-Aqsa) toward the Kaaba in Makkah in 2 AH.",Open-ended,Common,Historical Sites
Which historic mosque in Madinah witnessed the divine command to change the prayer direction from Jerusalem to the Kaaba?,A. Masjid Al-Qiblatayn B. Masjid Quba C. Masjid Al-Ghamamah D. Masjid Al-Jumaa,A. Masjid Al-Qiblatayn,MCQ (one correct),Common,Historical Sites
Why is Wadi Al-Aqiq known as the 'Blessed Valley' (Al-Wadi Al-Mubarak) in Madinah's history?,–,"Wadi Al-Aqiq is a major natural valley running through Madinah praised in prophetic traditions, historically lined with Umayyad and Abbasid agricultural palaces, lush date orchards, and natural freshwater springs.",Open-ended,Specialized,Historical Sites
Which celebrated river valley traversing Al-Madinah Al-Munawwarah is historically referred to as 'The Blessed Valley'?,A. Wadi Al-Aqiq B. Wadi Hanifa C. Wadi Al-Dawasir D. Wadi Fatima,A. Wadi Al-Aqiq,MCQ (one correct),Common,Historical Sites
What agricultural fruits are historically celebrated in the high-altitude orchards of Taif?,–,"Due to its temperate climate and fertile valleys, Taif is famed for premium pomegranates (Rumman), sweet green figs (Teen), grapes, apricots (Mishmish), and sweet prickly pears (Al-Barshomi).",Open-ended,Common,Agriculture
Which seasonal fruit harvested across Taif's terraced orchards is celebrated annually with a dedicated agricultural festival?,A. Pomegranate (Rumman Taifi) B. Pineapple C. Mango D. Coconut,A. Pomegranate (Rumman Taifi),MCQ (one correct),Common,Agriculture
What is Al-Mantu in the adopted culinary landscape of the Western Region?,–,"Al-Mantu is a traditional steamed dumpling dish made of thin unleavened dough stuffed with seasoned minced lamb, onions, and black pepper, cooked inside multi-tiered perforated steam pots and served with spicy tomato-chili sauce.",Open-ended,Common,Food
What traditional cooking method is utilized to prepare authentic Hijazi Mantu dumplings?,A. Multi-tiered steaming in perforated pots B. Deep frying in oil C. Baking on iron saj D. Roasting over charcoal embers,A. Multi-tiered steaming in perforated pots,MCQ (one correct),Common,Food
How does Al-Formosa differ from Al-Mantu in Hijazi bakery heritage?,–,"While Mantu is steamed, Al-Formosa features a richer, flaky pastry dough stuffed with seasoned minced meat and onions, baked inside a blazing clay tandoor oven until crisp and golden brown.",Open-ended,Specialized,Food
Which traditional minced meat stuffed pastry in Western Saudi Arabia is baked directly inside a clay tandoor oven?,A. Al-Formosa B. Al-Mantu C. Al-Saleeq D. Al-Ma'asoub,A. Al-Formosa,MCQ (one correct),Specialized,Food
What architectural style characterizes the historic Kaki Palace (Qasr Al-Kaki) in Taif?,–,"Constructed in the 1920s, Kaki Palace exemplifies traditional Hijazi mountain architecture built from local granite stone and clay, adorned with multi-tiered wooden Rawashin balconies, Roman pediments, and geometric hand-carved friezes.",Open-ended,Specialized,Historical Sites
Which landmark palace in Taif erected in the 1920s is celebrated for combining local granite stone masonry with elaborate wooden Rawashin balconies?,A. Qasr Al-Kaki B. Qasr Al-Aan C. Qasr Khazam D. Beit Al-Rifai,A. Qasr Al-Kaki,MCQ (one correct),Specialized,Historical Sites
What materials are traditionally carved by rosary craftsmen (Al-Kharrateen) in Makkah Al-Mukarramah?,–,"Master artisans turn and polish rosary beads (Masabih) from natural amber, Yusr (black coral from the Red Sea), carved olive wood, sandalwood, and semi-precious agate, purchased by pilgrims as spiritual souvenirs.",Open-ended,Specialized,Crafts and Work
Which rare black marine substance harvested from the Red Sea is traditionally carved into prayer beads (Misbaha) in Makkah?,A. Yusr (Black Coral) B. Fossilized shale C. Vulcanized basalt D. Soapstone,A. Yusr (Black Coral),MCQ (one correct),Specialized,Crafts and Work
What historical role did the ancient seasonal markets of Dhu Al-Majaz and Al-Majannah play near Makkah?,–,"They were venerated pre-Islamic commercial and poetic fairs where tribal pilgrims traded goods, settled diplomatic disputes, and recited verse sequentially leading up to the annual Hajj pilgrimage in Makkah.",Open-ended,Specialized,Markets
Which historic market served as the final commercial trading fair for pilgrims immediately prior to arriving at Arafat in Makkah?,A. Dhu Al-Majaz B. Souq Al-Lail C. Souq Al-Hubb D. Souq Al-Qaisariyah,A. Dhu Al-Majaz,MCQ (one correct),Specialized,Markets
What is Al-Qahwah Al-Hilwah in Hijazi celebratory customs?,–,"Al-Qahwah Al-Hilwah is a caffeine-free sweet hot infusion brewed from boiled whole cinnamon sticks, cardamom pods, sugar, and cracked black pepper, garnished with whole blanched almonds and served to celebrate newborn arrivals.",Open-ended,Specialized,Drinks
What whole spice bark forms the aromatic reddish base of traditional Hijazi Al-Qahwah Al-Hilwah?,A. Cinnamon (Qirfah) B. Cloves C. Turmeric D. Star anise,A. Cinnamon (Qirfah),MCQ (one correct),Specialized,Drinks
What are Al-Mahramah and Al-Mudawwarah in traditional Hijazi women's domestic attire?,–,"Al-Mahramah is a triangular white cambric headscarf worn by women at home, fastened neatly over the hair by Al-Mudawwarah, a circular embroidered forehead band adorned with floral embroidery or lace.",Open-ended,Specialized,Clothes
What embroidered circular headband was traditionally pinned around the forehead over the white Mahramah scarf by Hijazi women?,A. Al-Mudawwarah B. Al-Eqal C. Al-Bukhnuq D. Al-Ghbana,A. Al-Mudawwarah,MCQ (one correct),Specialized,Clothes
How did Bukhari Rice become an iconic traditional staple in the food culture of Western Saudi Arabia?,–,"Integrated into Makkah and Jeddah foodways through centuries of Central Asian pilgrimage migrations, Bukhari rice is simmered with julienned carrots, whole cumin seeds, tomato puree, and chickpeas, topped with roasted spiced chicken or mutton.",Open-ended,Common,Food
Which shredded root vegetable is essential in giving authentic Hijazi Bukhari rice its distinctive sweetness and color?,A. Julienned Carrots B. Grated beetroot C. Turnips D. Potatoes,A. Julienned Carrots,MCQ (one correct),Common,Food
Why is Souq Al-Nada historically recognized among the historic marketplaces of Al-Balad, Jeddah?,–,"Established over 150 years ago inside old Jeddah's northern quarter, Souq Al-Nada was celebrated as the central hub for traditional fishmongers, artisanal shoe cobblers, tailor shops, and heritage fried fish eateries.",Open-ended,Common,Markets
In which historic commercial center of Jeddah is the century-old Souq Al-Nada located?,A. Al-Balad B. Obhur C. Al-Hamra D. Al-Rawdah,A. Al-Balad,MCQ (one correct),Common,Markets
What physical skill and weapon define the traditional performing art of Al-Ta'sheer in Taif and the Western Region?,–,"Al-Ta'sheer is an acrobatic martial dance where a solo performer leaps high into the air while holding an antique powder-loaded matchlock gun (Al-Maqama), discharging a flash of spark and smoke beneath his feet before landing safely in rhythm.",Open-ended,Specialized,Entertainment
Which traditional martial leap dance involves discharging a spark flash from an antique matchlock gun beneath the performer's feet?,A. Al-Ta'sheer B. Al-Mizmar C. Al-Khatwah D. Al-Liwa,A. Al-Ta'sheer,MCQ (one correct),Specialized,Entertainment
What traditional percussion instrument commands the driving tempo of the Western folk art Al-Khabiti?,–,"Al-Khabiti is driven by the rapid, rhythmic beating of multiple round frame tambourines (Al-Tar) and earthen kettle drums, building into a hypnotic crescendo that guides dancers into spinning circles.",Open-ended,Specialized,Entertainment
What round wooden frame drum is primarily struck by ranks of drummers during a traditional Khabiti performance?,A. Al-Tar (frame drum) B. Al-Oud C. Al-Qanun D. Al-Nai,A. Al-Tar (frame drum),MCQ (one correct),Specialized,Entertainment
What is Al-Saqdanah in the traditional sweet repertoire of Makkah and Jeddah?,–,"Al-Saqdanah is a chilled, translucent pudding dessert made by simmering sago or tapioca pearls with milk, sugar, cardamom, and rose water, garnished with crushed pistachios.",Open-ended,Specialized,Food
What starchy pearl ingredient forms the base of the chilled Hijazi pudding dessert Al-Saqdanah?,A. Sago / Tapioca pearls B. Semolina flour C. Crushed corn kernels D. Rice flour only,A. Sago / Tapioca pearls,MCQ (one correct),Specialized,Food
What was the historical civic institution of At-Tawafah in Makkah Al-Mukarramah?,–,"At-Tawafah was a centuries-old hereditary system of licensed Makkan guides (Al-Mutawwifoone) who hosted international pilgrims, managed their logistical accommodations, guided their ritual Tawaf, and ensured their welfare.",Open-ended,Common,Traditions and Customs
What is the historical term for the hereditary guides responsible for accommodating and guiding international pilgrims in Makkah?,A. Al-Mutawwifoone B. Al-Qallafah C. Al-Sakkab D. Al-Ghais,A. Al-Mutawwifoone,MCQ (one correct),Common,Traditions and Customs
What natural geological feature is Al-Lith Governorate known for in the southern Makkah Province?,–,"Al-Lith is known for Ain Al-Harrah (Al-Lith Hot Springs), natural therapeutic thermal mineral springs surrounded by volcanic hills, historically visited for therapeutic bathing and relaxation.",Open-ended,Specialized,Historical Sites
Which governorate in the southern coastal stretch of Makkah Province is celebrated for the hot mineral springs of Ain Al-Harrah?,A. Al-Lith B. Taif C. Khulais D. Rabigh,A. Al-Lith,MCQ (one correct),Specialized,Historical Sites
What historical role did Al-Qunfudhah serve along the southern Red Sea coast of the Western Region?,–,"Al-Qunfudhah is an ancient coastal port city established in the 8th century AH, historically serving as a prime anchorage for trade dhows, a garrison port fortified by coastal stone citadels, and a key maritime stop between Jeddah and Yemen.",Open-ended,Specialized,Historical Sites
Which historic port town in the southwestern corner of Makkah Province is known for its Ottoman coastal citadel and historical Red Sea shipping role?,A. Al-Qunfudhah B. Yanbu C. Rabigh D. Duba,A. Al-Qunfudhah,MCQ (one correct),Specialized,Historical Sites
What is Umm Al-Qamari Island off the coast of Al-Qunfudhah famous for in Saudi Arabian natural heritage?,–,"Umm Al-Qamari is a protected coral island named after the large flocks of collared turtle doves (Qumri) that inhabit its dense mangrove and acacia groves atop fossilized coral platforms.",Open-ended,Specialized,Historical Sites
Which avian species gave its name to the historic coral nature reserve island offshore from Al-Qunfudhah?,A. Collared Turtle Dove (Al-Qumri) B. Arabian Falcon C. Flamingo D. Seagull,A. Collared Turtle Dove (Al-Qumri),MCQ (one correct),Specialized,Historical Sites
What was the economic prominence of Rabigh along the historic maritime and caravan routes of Hijaz?,–,"Rabigh was a vital maritime harbor on the Red Sea and an essential overland caravan staging oasis between Makkah and Madinah, renowned for its coastal date palm groves, salt marshes, and deepwater anchorage.",Open-ended,Common,Historical Sites
Which coastal city situated halfway between Jeddah and Yanbu historically served as a critical caravan and maritime transit post?,A. Rabigh B. Al-Lith C. Al-Khafji D. Buraidah,A. Rabigh,MCQ (one correct),Common,Historical Sites
Why is Al-Juhfah near Rabigh revered in Islamic pilgrimage rites?,–,"Al-Juhfah is one of the designated historical Miqat stations established during the prophetic era, serving as the official location where pilgrims traveling from the Levant, Egypt, North Africa, and the western maritime routes enter the state of Ihram.",Open-ended,Common,Traditions and Customs
Which historic Miqat station located near Rabigh is designated for pilgrims arriving from Egypt, the Levant, and North Africa?,A. Miqat Al-Juhfah B. Miqat Dhu Al-Hulayfah C. Miqat Qarn Al-Manazil D. Miqat Yalamlam,A. Miqat Al-Juhfah,MCQ (one correct),Common,Traditions and Customs
What architectural and historical landmark is located in Asfan north of Jeddah?,–,"Asfan is famous for Qal'at Asfan, an ancient hilltop basalt stone fortress built to protect pilgrim caravans and trade routes between Makkah and Madinah, alongside the historic well Bir Al-Tafleh.",Open-ended,Specialized,Historical Sites
What volcanic stone was primarily used to construct the hilltop defensive walls of Qal'at Asfan north of Jeddah?,A. Basalt stone (Hajar Harrat) B. White marble C. Wood logs only D. Sun-dried straw bricks only,A. Basalt stone (Hajar Harrat),MCQ (one correct),Specialized,Historical Sites
What agricultural and heritage role did the oasis of Khulais fulfill for the holy city of Makkah?,–,"Khulais is a fertile valley oasis blessed with abundant subterranean water springs, historically serving as an agricultural breadbasket supplying Makkah with fresh dates, grains, citrus, and vegetables.",Open-ended,Specialized,Agriculture
Which fertile agricultural valley oasis north of Makkah historically served as a prime provider of fresh produce and dates to the holy city?,A. Khulais B. Duba C. Hafr Al-Batin D. Abqaiq,A. Khulais,MCQ (one correct),Specialized,Agriculture
Why is the Madinah Hijaz Railway Station (Al-Istasyoon) culturally significant in modern Saudi history?,–,"Constructed in 1908 in the Anbariyah district, it was the southern terminus of the historic Damascus-Madinah railway, now beautifully restored as the Hejaz Railway Museum showcasing historic steam locomotives and early 20th-century Islamic architecture.",Open-ended,Common,Historical Sites
In which historic district of Al-Madinah is the restored Hejaz Railway Terminal and Museum situated?,A. Al-Anbariyah B. Quba C. Al-Awali D. Sayyid Al-Shuhada,A. Al-Anbariyah,MCQ (one correct),Specialized,Historical Sites
What remains of the Hijaz Railway infrastructure at Hegra (Mada'in Salih)?,–,"The site preserves an authentic early 20th-century railway station complex featuring stone passenger stations, a water tower for steam trains, locomotive maintenance sheds, and vintage railway tracks integrated into the UNESCO landscape.",Open-ended,Specialized,Historical Sites
Which transportation infrastructure from the early 20th century is preserved as an integral historical feature within the Hegra World Heritage site in Al-Ula?,A. The Hejaz Railway station and maintenance sheds B. A paved highway C. An ancient Roman canal D. A modern tramway,A. The Hejaz Railway station and maintenance sheds,MCQ (one correct),Common,Historical Sites
What is the maritime folk dance known as Al-Ajal in Yanbu and the Western coast?,–,"Al-Ajal is a traditional seafaring performance danced by fishermen standing in a close-knit circle, who sway rhythmically to the tunes of the Simsimiyah lyre and clapping while chanting maritime poetry celebrating sea journeys.",Open-ended,Specialized,Entertainment
Which traditional coastal performing art in Yanbu Al-Bahr is performed in a circle to the melodies of the Simsimiyah lyre?,A. Al-Ajal B. Al-Dahha C. Al-Qazoui D. Al-Zamil,A. Al-Ajal,MCQ (one correct),Specialized,Entertainment
What is Shi'r Al-Kasrah in the oral literary heritage of the Western Region?,–,"Al-Kasrah is a concise, highly emotional vernacular poetic form consisting of two rhyming lines (four hemistichs) strictly following a melodic meter, exchanged spontaneously among poets and sailors across Yanbu, Jeddah, and coastal Hijaz.",Open-ended,Specialized,Languages and Communication
How many verses (Baytayn) typically constitute the traditional poetic unit of a Hijazi 'Kasrah'?,A. Two rhyming couplets (Baytayn) B. Ten verses C. Fifty verses D. A single hemistich,A. Two rhyming couplets (Baytayn),MCQ (one correct),Specialized,Languages and Communication
What is Al-Hadri in the traditional poetic performances of the Hijazi interior?,–,"Al-Hadri is a dignified oral folk chant performed without musical instruments during tribal gatherings and majlis sessions, where poetic stanzas expressing wisdom, nobility, and social ethics are recited in a measured cadence.",Open-ended,Specialized,Entertainment
Which vocal musical genre in Western Saudi Arabia is performed in formal majlis settings without any instrumental accompaniment?,A. Al-Hadri (Al-Majalisi) B. Al-Simsimiyah C. Al-Liwa D. Al-Mizmar,A. Al-Hadri (Al-Majalisi),MCQ (one correct),Specialized,Entertainment
What were the legendary historic quarters (Harat) surrounding the Grand Mosque in historic Makkah?,–,"Historic Makkah was arranged into celebrated residential quarters including Harat Ajyad, Harat Al-Shubaika, Harat Al-Qashashiyah, Harat Al-Bab, and Harat Al-Sulaymaniyah, noted for their multistory stone houses with Rawashin.",Open-ended,Common,Historical Sites
Which celebrated historic quarter of Makkah was situated immediately adjacent to the southern perimeter of the Grand Mosque?,A. Harat Ajyad B. Harat Al-Mazloom C. Harat Al-Yemen D. Harat Al-Koot,A. Harat Ajyad,MCQ (one correct),Common,Historical Sites
What was the traditional civic duty of Al-Farashah in the Two Holy Mosques in Makkah and Madinah?,–,"Al-Farashah was an esteemed hereditary service guild responsible for maintaining, cleaning, perfuming with rose water and incense, and laying out the historic woven prayer carpets across the sanctuaries.",Open-ended,Specialized,Traditions and Customs
Which traditional hereditary service guild historically oversaw the cleaning, carpeting, and incense perfuming of the Grand Mosque?,A. Al-Farashah B. Al-Qallafah C. Al-Saffarah D. Al-Hammarah,A. Al-Farashah,MCQ (one correct),Specialized,Traditions and Customs
What is Korsi Al-Jaber in traditional Hijazi women's bridal jewelry?,–,"Korsi Al-Jaber is a magnificent, wide bib necklace fashioned from 21-karat yellow gold featuring concentric tiers of embossed golden coins, dangling drops, and filigree plaques draping across the bride's chest.",Open-ended,Specialized,Clothes
Which grand, multi-tiered gold bib necklace is an iconic centerpiece of traditional Hijazi bridal trousseaus?,A. Korsi Al-Jaber B. Al-Fitam C. Al-Dayeen D. Al-Karr,A. Korsi Al-Jaber,MCQ (one correct),Specialized,Clothes
Why are Barni dates historically celebrated in Al-Madinah Al-Munawwarah?,–,"Barni is an ancient golden-yellow date variety native to Madinah oases praised in early Islamic medical literature, characterized by its firm flesh, moderate sweetness, and high nutritional density.",Open-ended,Specialized,Agriculture
Which golden date cultivar cultivated for over a millennium in Madinah's date groves is cited in early Arabic heritage literature?,A. Barni Al-Madinah B. Khalas Al-Ahsa C. Sukkari Al-Qassim D. Ruzaiz,A. Barni Al-Madinah,MCQ (one correct),Specialized,Agriculture
What physical characteristics define the Safawi date cultivar of Madinah?,–,"Safawi is an elongated, deep dark cherry-black date with a soft, chewy texture and rich caramel flavor, grown predominantly in Madinah and recognized for its high mineral content.",Open-ended,Common,Agriculture
What distinctive color and shape characterize the popular Madinah date variety known as Safawi?,A. Deep cherry-black and cylindrical B. Bright yellow and spherical C. Pale white and flat D. Greenish and wrinkled,A. Deep cherry-black and cylindrical,MCQ (one correct),Common,Agriculture
What is Khobz Al-Fetout in the traditional bakery traditions of Makkah and Madinah?,–,"Al-Fetout is a fragrant, thick leavened bread kneaded with clarified milk, fennel seeds, nigella seeds, and sesame, baked until deeply golden and traditionally dipped in hot tea or eaten with cheese.",Open-ended,Specialized,Food
Which aromatic seeds give traditional Hijazi Fetout bread its signature herbal fragrance and crust?,A. Fennel seeds (Shamar) and Nigella seeds (Habbat Al-Barakah) B. Mustard seeds C. Poppy seeds D. Crushed pepper,A. Fennel seeds (Shamar) and Nigella seeds (Habbat Al-Barakah),MCQ (one correct),Specialized,Food
What distinguishes the traditional preparation of Mulukhiyah in the Western Region?,–,"Fresh jute mallow leaves are finely minced by hand with a two-handled rocker blade (Makhratah), simmered in rich bone broth, and finished with Taqliyah (sautéed garlic, crushed coriander, and ghee) poured sizzingly over the pot.",Open-ended,Common,Food
What aromatic sautéed garlic-and-coriander mixture is sizzled atop freshly cooked Hijazi Mulukhiyah?,A. Al-Taqliyah B. Al-Kushnah C. Al-Daqqah D. Al-Daggus,A. Al-Taqliyah,MCQ (one correct),Common,Food
What wild mountain herbs are traditionally foraged along the rocky ridges of Al-Hada and Al-Shafa in Taif?,–,"Local foragers gather wild thyme (Sa'tar Barri), mountain lavender (Dharm), and marjoram (Bardaqoosh), used in folk herbal remedies and dried to flavor mountain teas.",Open-ended,Specialized,Agriculture
Which fragrant wild herb is foraged along the cliffs of Al-Shafa in Taif and used to infuse herbal tea infusions?,A. Wild mountain thyme (Sa'tar Barri) B. Sea kelp C. Cactus spine D. Sweet clover only,A. Wild mountain thyme (Sa'tar Barri),MCQ (one correct),Specialized,Agriculture
What agricultural heritage sustained the historic settlement of Badr through antiquity?,–,"Badr is situated within an oasis basin fed by perennial freshwater springs (Uyun Badr) flowing beneath sand dunes, sustaining extensive groves of date palms and providing water for travelers connecting Makkah and Syria.",Open-ended,Specialized,Agriculture
What natural water feature historically supported the continuous date palm cultivation in Badr Oasis?,A. Natural artesian springs (Uyun Badr) B. Artificial desalination C. Glacial meltwater D. Seasonal flood dams only,A. Natural artesian springs (Uyun Badr),MCQ (one correct),Specialized,Agriculture
Why is Najil fish (Coral Trout / Leopard Grouper) prized as the jewel of Red Sea coastal gastronomy in Jeddah and Yanbu?,–,"Najil is a vibrant scarlet coral reef fish celebrated for its firm, sweet, pure white flaky flesh, traditionally fried in sesame or corn oil and served over aromatic Sayadiyah rice.",Open-ended,Common,Food
Which prized scarlet-colored coral reef fish is considered the culinary gold standard in Jeddah and Yanbu fish markets?,A. Najil (Coral Trout) B. Tilapia C. Sardine D. Carp,A. Najil (Coral Trout),MCQ (one correct),Common,Food
What was the traditional fishing gear known as Al-Sihr (or Al-Mikhlaq) in Red Sea coastal fishing?,–,"Al-Sihr was a specialized gillnet woven from twisted cotton twine weighted with lead pellets, deployed along the reef crests by two rowing fishermen to catch schooling reef fish during high tides.",Open-ended,Specialized,Maritime Heritage
What traditional net type was deployed across shallow Red Sea coral channels to intercept schooling fish on the falling tide?,A. Al-Sihr (Reef gillnet) B. Harpoon only C. Steel cage only D. Wooden rake,A. Al-Sihr (Reef gillnet),MCQ (one correct),Specialized,Maritime Heritage
What traditional goods and spiritual souvenirs were historically purchased by pilgrims in Makkah and Madinah to bring home?,–,"Pilgrims traditionally brought back bottles of holy Zamzam water in brass or tin containers, prayer rugs, wooden and stone rosaries (Masabih), kohl Ithmid, Madinah dates (especially Ajwa), and attar of Taif roses.",Open-ended,Common,Markets
Which precious mountain essence distilled in the Western Region has been a quintessential pilgrimage gift for centuries?,A. Attar Ward Taifi (Taif Rose Oil) B. Lavender oil from Europe C. Jasmine tea D. Sandalwood paste only,A. Attar Ward Taifi (Taif Rose Oil),MCQ (one correct),Common,Markets
What was the historical civic tradition of Al-Mu'ashsharat in old Jeddah and Makkah?,–,"Al-Mu'ashsharat was the lighting of raised brass oil lanterns hung along city watchtowers and exterior courtyard gateways at sunset during Ramadan and pilgrimage seasons, illuminating stone alleys and signaling prayer times.",Open-ended,Specialized,Traditions and Customs
What decorative lighting fixture was historically suspended over residential entryways and street intersections in old Hijazi towns?,A. Al-Fanoos (Kerosene lantern / Mu'ashsharah) B. Neon sign C. Torch of pitch only D. Electric bulb,A. Al-Fanoos (Kerosene lantern / Mu'ashsharah),MCQ (one correct),Specialized,Traditions and Customs